date,temp_max,temp_min,temp_mean,precipitation,wind_speed_max,humidity_mean,pressure_mean
2012-01-01,12.8,5.0,8.9,0.0,4.7,,
2012-01-02,10.6,2.8,6.699999999999999,10.9,4.5,,
2012-01-03,11.7,7.2,9.45,0.8,2.3,,
2012-01-04,12.2,5.6,8.899999999999999,20.3,4.7,,
2012-01-05,8.9,2.8,5.85,1.3,6.1,,
2012-01-06,4.4,2.2,3.3000000000000003,2.5,2.2,,
2012-01-07,7.2,2.8,5.0,0.0,2.3,,
2012-01-08,10.0,2.8,6.4,0.0,2.0,,
2012-01-09,9.4,5.0,7.2,4.3,3.4,,
2012-01-10,6.1,0.6,3.3499999999999996,1.0,3.4,,
2012-01-11,6.1,-1.1,2.5,0.0,5.1,,
2012-01-12,6.1,-1.7,2.1999999999999997,0.0,1.9,,
2012-01-13,5.0,-2.8,1.1,0.0,1.3,,
2012-01-14,4.4,0.6,2.5,4.1,5.3,,
2012-01-15,1.1,-3.3,-1.0999999999999999,5.3,3.2,,
2012-01-16,1.7,-2.8,-0.5499999999999999,2.5,5.0,,
2012-01-17,3.3,0.0,1.65,8.1,5.6,,
2012-01-18,0.0,-2.8,-1.4,19.8,5.0,,
2012-01-19,-1.1,-2.8,-1.95,15.2,1.6,,
2012-01-20,7.2,-1.1,3.05,13.5,2.3,,
2012-01-21,8.3,3.3,5.800000000000001,3.0,8.2,,
2012-01-22,6.7,2.2,4.45,6.1,4.8,,
2012-01-23,8.3,1.1,4.7,0.0,3.6,,
2012-01-24,10.0,2.2,6.1,8.6,5.1,,
2012-01-25,8.9,4.4,6.65,8.1,5.4,,
2012-01-26,8.9,1.1,5.0,4.8,4.8,,
2012-01-27,6.7,-2.2,2.25,0.0,1.4,,
2012-01-28,6.7,0.6,3.65,0.0,2.2,,
2012-01-29,9.4,3.9,6.65,27.7,4.5,,
2012-01-30,8.3,6.1,7.2,3.6,5.1,,
2012-01-31,9.4,6.1,7.75,1.8,3.9,,
2012-02-01,8.9,3.3,6.1,13.5,2.7,,
2012-02-02,8.3,1.7,5.0,0.0,2.6,,
2012-02-03,14.4,2.2,8.3,0.0,5.3,,
2012-02-04,15.6,5.0,10.3,0.0,4.3,,
2012-02-05,13.9,1.7,7.8,0.0,2.9,,
2012-02-06,16.1,1.7,8.9,0.0,5.0,,
2012-02-07,15.6,7.8,11.7,0.3,5.3,,
2012-02-08,10.0,5.0,7.5,2.8,2.7,,
2012-02-09,11.1,7.8,9.45,2.5,2.4,,
2012-02-10,12.8,6.7,9.75,2.5,3.0,,
2012-02-11,8.9,5.6,7.25,0.8,3.4,,
2012-02-12,8.3,5.0,6.65,1.0,1.3,,
2012-02-13,7.2,4.4,5.800000000000001,11.4,1.4,,
2012-02-14,6.7,1.1,3.9000000000000004,2.5,3.1,,
2012-02-15,7.2,0.6,3.9,0.0,1.8,,
2012-02-16,7.2,3.3,5.25,1.8,2.1,,
2012-02-17,10.0,4.4,7.2,17.3,3.4,,
2012-02-18,6.7,3.9,5.3,6.4,8.1,,
2012-02-19,6.7,2.2,4.45,0.0,4.7,,
2012-02-20,7.8,1.7,4.75,3.0,2.9,,
2012-02-21,10.0,7.8,8.9,0.8,7.5,,
2012-02-22,10.0,2.8,6.4,8.6,5.9,,
2012-02-23,8.3,2.8,5.550000000000001,0.0,3.9,,
2012-02-24,6.7,4.4,5.550000000000001,11.4,3.5,,
2012-02-25,7.2,2.8,5.0,0.0,6.4,,
2012-02-26,5.0,-1.1,1.95,1.3,3.4,,
2012-02-27,6.7,-2.2,2.25,0.0,3.0,,
2012-02-28,6.7,-0.6,3.0500000000000003,3.6,4.2,,
2012-02-29,5.0,1.1,3.05,0.8,7.0,,
2012-03-01,6.1,1.1,3.5999999999999996,0.0,3.1,,
2012-03-02,6.7,3.9,5.3,2.0,5.1,,
2012-03-03,12.2,6.7,9.45,0.0,7.0,,
2012-03-04,10.6,6.7,8.65,0.0,5.6,,
2012-03-05,7.8,1.1,4.45,6.9,6.2,,
2012-03-06,6.7,0.0,3.35,0.5,2.7,,
2012-03-07,8.9,-1.7,3.6,0.0,2.7,,
2012-03-08,15.6,0.6,8.1,0.0,2.5,,
2012-03-09,9.4,5.0,7.2,3.6,2.8,,
2012-03-10,7.2,6.1,6.65,10.4,3.4,,
2012-03-11,6.7,2.8,4.75,13.7,5.8,,
2012-03-12,8.3,0.6,4.45,19.3,6.2,,
2012-03-13,5.6,0.6,3.0999999999999996,9.4,5.3,,
2012-03-14,7.8,1.1,4.45,8.6,4.7,,
2012-03-15,11.1,5.6,8.35,23.9,5.8,,
2012-03-16,8.9,3.9,6.4,8.4,5.1,,
2012-03-17,10.0,0.6,5.3,9.4,3.8,,
2012-03-18,5.0,-0.6,2.2,3.6,2.7,,
2012-03-19,7.2,-1.1,3.05,2.0,3.0,,
2012-03-20,7.8,2.2,5.0,3.6,6.4,,
2012-03-21,8.9,1.1,5.0,1.3,2.5,,
2012-03-22,10.0,1.7,5.85,4.1,2.1,,
2012-03-23,12.2,0.6,6.3999999999999995,0.0,2.8,,
2012-03-24,15.0,3.3,9.15,0.0,5.2,,
2012-03-25,13.3,2.2,7.75,0.0,2.7,,
2012-03-26,12.8,6.1,9.45,0.0,4.3,,
2012-03-27,14.4,6.7,10.55,4.8,3.8,,
2012-03-28,10.6,7.2,8.9,1.3,5.9,,
2012-03-29,10.0,6.1,8.05,27.4,4.4,,
2012-03-30,9.4,5.0,7.2,5.6,4.7,,
2012-03-31,10.0,2.8,6.4,13.2,3.4,,
2012-04-01,8.9,4.4,6.65,1.5,6.8,,
2012-04-02,16.7,4.4,10.55,0.0,3.1,,
2012-04-03,11.7,3.3,7.5,1.5,3.1,,
2012-04-04,10.6,2.8,6.699999999999999,0.0,2.1,,
2012-04-05,9.4,2.8,6.1,4.6,1.8,,
2012-04-06,11.1,3.3,7.199999999999999,0.3,2.6,,
2012-04-07,16.1,1.7,8.9,0.0,4.3,,
2012-04-08,21.1,7.2,14.15,0.0,4.1,,
2012-04-09,20.0,6.1,13.05,0.0,2.1,,
2012-04-10,17.8,8.9,13.350000000000001,0.0,3.2,,
2012-04-11,11.1,7.2,9.15,2.3,2.6,,
2012-04-12,13.9,5.6,9.75,0.5,2.6,,
2012-04-13,15.0,3.9,9.45,0.0,4.0,,
2012-04-14,15.6,3.3,9.45,0.0,3.0,,
2012-04-15,16.1,7.2,11.65,0.0,2.9,,
2012-04-16,13.3,6.7,10.0,8.1,5.8,,
2012-04-17,10.0,4.4,7.2,1.8,2.0,,
2012-04-18,13.3,7.2,10.25,1.8,3.9,,
2012-04-19,13.9,5.0,9.45,10.9,2.6,,
2012-04-20,13.3,6.7,10.0,6.6,2.7,,
2012-04-21,20.0,4.4,12.2,0.0,2.3,,
2012-04-22,23.3,8.3,15.8,0.0,2.6,,
2012-04-23,21.7,8.9,15.3,0.0,3.5,,
2012-04-24,13.9,10.0,11.95,4.3,2.8,,
2012-04-25,16.7,8.9,12.8,10.7,2.6,,
2012-04-26,13.9,6.7,10.3,3.8,5.2,,
2012-04-27,13.3,6.1,9.7,0.8,4.8,,
2012-04-28,16.1,8.3,12.200000000000001,0.0,2.5,,
2012-04-29,15.6,8.9,12.25,4.3,1.6,,
2012-04-30,12.8,7.2,10.0,4.3,8.0,,
2012-05-01,11.7,6.1,8.899999999999999,0.5,6.4,,
2012-05-02,13.3,5.6,9.45,0.5,2.5,,
2012-05-03,11.1,7.2,9.15,18.5,3.4,,
2012-05-04,12.2,6.1,9.149999999999999,1.8,4.6,,
2012-05-05,13.3,5.0,9.15,0.0,2.3,,
2012-05-06,17.8,5.0,11.4,0.0,2.4,,
2012-05-07,23.9,6.1,15.0,0.0,2.2,,
2012-05-08,18.3,9.4,13.850000000000001,0.0,3.0,,
2012-05-09,13.3,6.7,10.0,0.0,3.9,,
2012-05-10,14.4,3.9,9.15,0.0,3.0,,
2012-05-11,18.3,4.4,11.350000000000001,0.0,4.3,,
2012-05-12,24.4,6.7,15.549999999999999,0.0,3.4,,
2012-05-13,25.6,9.4,17.5,0.0,4.2,,
2012-05-14,26.7,12.8,19.75,0.0,3.8,,
2012-05-15,24.4,9.4,16.9,0.0,4.1,,
2012-05-16,19.4,9.4,14.399999999999999,0.0,3.5,,
2012-05-17,17.8,6.7,12.25,0.0,2.9,,
2012-05-18,15.6,7.8,11.7,0.0,3.1,,
2012-05-19,19.4,7.2,13.299999999999999,0.0,1.5,,
2012-05-20,14.4,11.7,13.05,6.4,1.3,,
2012-05-21,16.7,10.0,13.35,14.0,4.0,,
2012-05-22,12.8,8.9,10.850000000000001,6.1,4.8,,
2012-05-23,14.4,8.9,11.65,0.3,6.3,,
2012-05-24,17.2,8.9,13.05,0.0,3.3,,
2012-05-25,22.2,8.9,15.55,0.0,3.1,,
2012-05-26,22.2,8.9,15.55,0.0,3.6,,
2012-05-27,17.2,11.7,14.45,0.0,3.7,,
2012-05-28,16.7,10.0,13.35,0.0,3.4,,
2012-05-29,16.1,7.8,11.950000000000001,0.0,1.8,,
2012-05-30,18.9,11.1,15.0,0.3,1.5,,
2012-05-31,17.8,12.2,15.0,3.8,2.7,,
2012-06-01,20.0,12.8,16.4,6.6,3.7,,
2012-06-02,18.9,10.6,14.75,0.3,3.7,,
2012-06-03,17.2,9.4,13.3,0.0,2.9,,
2012-06-04,12.8,8.9,10.850000000000001,1.3,3.1,,
2012-06-05,13.3,8.3,10.8,16.0,3.3,,
2012-06-06,16.1,6.1,11.100000000000001,0.0,3.4,,
2012-06-07,16.1,8.9,12.5,16.5,3.5,,
2012-06-08,15.0,8.3,11.65,1.5,3.0,,
2012-06-09,17.2,8.3,12.75,0.0,4.7,,
2012-06-10,18.9,10.0,14.45,0.0,2.9,,
2012-06-11,23.3,10.0,16.65,0.0,1.8,,
2012-06-12,18.3,12.8,15.55,0.8,3.9,,
2012-06-13,16.1,11.1,13.600000000000001,0.0,4.3,,
2012-06-14,17.2,10.0,13.6,0.0,2.7,,
2012-06-15,22.2,9.4,15.8,0.0,1.7,,
2012-06-16,21.1,15.0,18.05,0.0,4.1,,
2012-06-17,18.9,11.7,15.299999999999999,0.0,6.4,,
2012-06-18,17.2,10.0,13.6,3.0,3.8,,
2012-06-19,19.4,10.0,14.7,1.0,3.0,,
2012-06-20,24.4,10.0,17.2,0.0,3.0,,
2012-06-21,23.9,11.7,17.799999999999997,0.0,2.1,,
2012-06-22,13.9,11.7,12.8,15.7,1.9,,
2012-06-23,15.6,9.4,12.5,8.6,2.5,,
2012-06-24,19.4,9.4,14.399999999999999,0.0,2.0,,
2012-06-25,19.4,11.1,15.25,0.5,3.1,,
2012-06-26,18.3,10.6,14.45,0.0,3.4,,
2012-06-27,22.8,8.9,15.850000000000001,0.0,1.8,,
2012-06-28,22.2,11.7,16.95,0.0,2.5,,
2012-06-29,21.7,15.0,18.35,0.3,1.9,,
2012-06-30,20.0,13.3,16.65,3.0,2.4,,
2012-07-01,20.0,12.2,16.1,0.0,2.3,,
2012-07-02,18.9,11.7,15.299999999999999,2.0,2.1,,
2012-07-03,18.3,10.6,14.45,5.8,6.0,,
2012-07-04,20.6,9.4,15.0,0.0,3.8,,
2012-07-05,24.4,10.6,17.5,0.0,3.1,,
2012-07-06,25.0,11.1,18.05,0.0,2.1,,
2012-07-07,26.7,12.8,19.75,0.0,3.8,,
2012-07-08,28.3,14.4,21.35,0.0,2.8,,
2012-07-09,25.0,12.8,18.9,1.5,2.0,,
2012-07-10,23.9,11.1,17.5,0.0,2.3,,
2012-07-11,27.8,13.3,20.55,0.0,2.9,,
2012-07-12,25.6,13.3,19.450000000000003,0.0,2.7,,
2012-07-13,23.3,13.9,18.6,0.5,2.2,,
2012-07-14,25.0,15.0,20.0,0.0,2.2,,
2012-07-15,18.9,13.3,16.1,0.0,3.8,,
2012-07-16,26.1,13.3,19.700000000000003,0.3,2.5,,
2012-07-17,21.7,15.0,18.35,0.0,2.6,,
2012-07-18,21.1,14.4,17.75,0.0,2.9,,
2012-07-19,25.0,14.4,19.7,0.0,2.2,,
2012-07-20,19.4,13.9,16.65,15.2,4.0,,
2012-07-21,23.9,13.9,18.9,0.0,2.3,,
2012-07-22,20.6,12.2,16.4,1.0,3.9,,
2012-07-23,18.9,11.1,15.0,0.0,3.3,,
2012-07-24,23.3,12.2,17.75,0.0,4.3,,
2012-07-25,26.7,12.8,19.75,0.0,2.6,,
2012-07-26,25.6,12.8,19.200000000000003,0.0,2.2,,
2012-07-27,18.9,13.9,16.4,0.0,2.8,,
2012-07-28,22.2,13.3,17.75,0.0,1.7,,
2012-07-29,22.8,15.0,18.9,0.0,2.0,,
2012-07-30,19.4,13.3,16.35,0.0,3.0,,
2012-07-31,22.8,13.9,18.35,0.0,2.8,,
2012-08-01,23.9,13.3,18.6,0.0,2.2,,
2012-08-02,23.3,12.2,17.75,0.0,2.5,,
2012-08-03,27.2,12.8,20.0,0.0,3.9,,
2012-08-04,33.9,16.7,25.299999999999997,0.0,3.7,,
2012-08-05,33.9,17.8,25.85,0.0,1.9,,
2012-08-06,28.3,15.6,21.95,0.0,2.5,,
2012-08-07,21.1,15.0,18.05,0.0,2.6,,
2012-08-08,22.2,15.0,18.6,0.0,3.1,,
2012-08-09,24.4,14.4,19.4,0.0,3.8,,
2012-08-10,25.6,12.2,18.9,0.0,2.3,,
2012-08-11,28.3,13.3,20.8,0.0,2.5,,
2012-08-12,30.6,15.0,22.8,0.0,3.0,,
2012-08-13,30.6,15.0,22.8,0.0,2.8,,
2012-08-14,28.9,13.9,21.4,0.0,2.8,,
2012-08-15,31.1,16.7,23.9,0.0,4.7,,
2012-08-16,34.4,18.3,26.35,0.0,2.8,,
2012-08-17,32.8,16.1,24.45,0.0,1.8,,
2012-08-18,21.7,14.4,18.05,0.0,3.0,,
2012-08-19,23.3,15.0,19.15,0.0,2.7,,
2012-08-20,25.6,15.0,20.3,0.0,1.9,,
2012-08-21,23.3,13.3,18.3,0.0,3.0,,
2012-08-22,22.2,13.3,17.75,0.0,2.3,,
2012-08-23,21.1,13.9,17.5,0.0,3.8,,
2012-08-24,22.2,10.0,16.1,0.0,3.3,,
2012-08-25,26.1,11.7,18.9,0.0,3.2,,
2012-08-26,21.1,12.2,16.65,0.0,3.4,,
2012-08-27,23.9,13.3,18.6,0.0,1.8,,
2012-08-28,22.8,12.2,17.5,0.0,3.2,,
2012-08-29,22.8,13.3,18.05,0.0,2.4,,
2012-08-30,22.8,12.8,17.8,0.0,1.9,,
2012-08-31,22.2,10.6,16.4,0.0,2.9,,
2012-09-01,21.7,10.6,16.15,0.0,2.1,,
2012-09-02,21.1,10.0,15.55,0.0,2.0,,
2012-09-03,22.8,12.8,17.8,0.0,3.3,,
2012-09-04,24.4,11.1,17.75,0.0,3.1,,
2012-09-05,26.1,11.7,18.9,0.0,2.6,,
2012-09-06,28.3,14.4,21.35,0.0,4.2,,
2012-09-07,32.2,13.3,22.75,0.0,3.1,,
2012-09-08,25.0,13.3,19.15,0.0,3.0,,
2012-09-09,18.9,13.9,16.4,0.3,5.0,,
2012-09-10,20.0,11.7,15.85,0.3,3.9,,
2012-09-11,20.0,8.9,14.45,0.0,4.2,,
2012-09-12,22.2,10.0,16.1,0.0,5.6,,
2012-09-13,27.8,11.7,19.75,0.0,3.6,,
2012-09-14,26.1,11.1,18.6,0.0,1.5,,
2012-09-15,22.2,11.1,16.65,0.0,1.9,,
2012-09-16,24.4,9.4,16.9,0.0,2.3,,
2012-09-17,27.8,11.7,19.75,0.0,2.2,,
2012-09-18,27.8,11.7,19.75,0.0,1.4,,
2012-09-19,23.9,11.7,17.799999999999997,0.0,1.9,,
2012-09-20,19.4,10.0,14.7,0.0,2.5,,
2012-09-21,16.1,12.8,14.450000000000001,0.0,2.1,,
2012-09-22,19.4,11.7,15.549999999999999,0.3,1.1,,
2012-09-23,19.4,10.0,14.7,0.0,1.4,,
2012-09-24,21.1,10.0,15.55,0.0,1.8,,
2012-09-25,19.4,11.1,15.25,0.0,1.7,,
2012-09-26,19.4,9.4,14.399999999999999,0.0,1.7,,
2012-09-27,22.8,10.0,16.4,0.0,1.7,,
2012-09-28,25.0,12.2,18.6,0.0,1.1,,
2012-09-29,20.6,12.2,16.4,0.0,4.3,,
2012-09-30,21.1,7.8,14.450000000000001,0.0,3.1,,
2012-10-01,23.3,8.9,16.1,0.0,3.0,,
2012-10-02,17.8,10.0,13.9,0.0,4.1,,
2012-10-03,18.9,7.8,13.35,0.0,7.3,,
2012-10-04,18.9,8.3,13.6,0.0,6.5,,
2012-10-05,21.7,8.9,15.3,0.0,5.7,,
2012-10-06,23.9,7.8,15.85,0.0,5.1,,
2012-10-07,23.9,7.8,15.85,0.0,1.3,,
2012-10-08,21.1,7.8,14.450000000000001,0.0,1.9,,
2012-10-09,16.1,8.9,12.5,0.0,1.6,,
2012-10-10,12.2,8.3,10.25,0.0,1.4,,
2012-10-11,13.9,7.2,10.55,0.0,1.3,,
2012-10-12,13.9,8.9,11.4,2.0,4.6,,
2012-10-13,15.6,12.2,13.899999999999999,4.8,3.9,,
2012-10-14,17.8,13.3,15.55,16.5,3.4,,
2012-10-15,17.2,11.1,14.149999999999999,7.9,4.6,,
2012-10-16,16.1,8.3,12.200000000000001,0.0,5.5,,
2012-10-17,14.4,6.1,10.25,0.0,1.6,,
2012-10-18,17.8,6.7,12.25,20.8,2.0,,
2012-10-19,15.0,9.4,12.2,4.8,5.3,,
2012-10-20,11.1,6.1,8.6,0.5,5.7,,
2012-10-21,11.7,4.4,8.05,6.4,2.7,,
2012-10-22,7.8,3.3,5.55,8.9,2.6,,
2012-10-23,11.1,5.6,8.35,0.0,3.0,,
2012-10-24,11.7,6.1,8.899999999999999,7.1,2.1,,
2012-10-25,11.7,6.7,9.2,0.0,1.5,,
2012-10-26,11.1,7.2,9.15,1.5,2.5,,
2012-10-27,14.4,9.4,11.9,23.1,5.1,,
2012-10-28,14.4,10.0,12.2,6.1,3.8,,
2012-10-29,15.6,10.0,12.8,10.9,4.9,,
2012-10-30,15.0,12.2,13.6,34.5,2.8,,
2012-10-31,15.6,11.1,13.35,14.5,2.7,,
2012-11-01,15.0,10.6,12.8,9.7,3.0,,
2012-11-02,15.0,10.6,12.8,5.6,1.0,,
2012-11-03,15.6,11.1,13.35,0.5,3.6,,
2012-11-04,17.8,12.8,15.3,8.1,3.8,,
2012-11-05,15.0,7.8,11.4,0.8,4.0,,
2012-11-06,12.8,6.7,9.75,0.3,3.5,,
2012-11-07,12.2,3.9,8.049999999999999,0.0,3.4,,
2012-11-08,10.0,1.1,5.55,0.0,3.4,,
2012-11-09,8.9,1.1,5.0,0.0,2.0,,
2012-11-10,7.8,-0.6,3.6,0.0,2.2,,
2012-11-11,8.9,1.1,5.0,15.2,3.0,,
2012-11-12,12.8,6.1,9.45,3.6,3.0,,
2012-11-13,11.1,7.8,9.45,5.3,2.5,,
2012-11-14,11.1,5.0,8.05,0.8,2.6,,
2012-11-15,9.4,2.8,6.1,0.0,2.4,,
2012-11-16,9.4,2.2,5.800000000000001,5.6,1.6,,
2012-11-17,12.2,6.1,9.149999999999999,6.1,5.3,,
2012-11-18,10.0,6.1,8.05,7.9,4.9,,
2012-11-19,13.3,8.3,10.8,54.1,6.0,,
2012-11-20,11.1,7.2,9.15,3.8,4.2,,
2012-11-21,8.3,3.9,6.1000000000000005,11.2,5.5,,
2012-11-22,8.9,2.8,5.85,0.0,1.5,,
2012-11-23,9.4,6.1,7.75,32.0,2.4,,
2012-11-24,8.9,3.9,6.4,0.0,1.2,,
2012-11-25,8.3,1.1,4.7,0.0,3.6,,
2012-11-26,9.4,1.7,5.55,0.0,3.8,,
2012-11-27,10.0,1.7,5.85,0.0,1.5,,
2012-11-28,9.4,2.2,5.800000000000001,2.8,2.9,,
2012-11-29,12.8,7.8,10.3,1.5,4.2,,
2012-11-30,15.0,7.8,11.4,35.6,4.6,,
2012-12-01,13.3,8.3,10.8,4.1,5.5,,
2012-12-02,8.3,7.2,7.75,19.6,6.2,,
2012-12-03,9.4,7.2,8.3,13.0,4.4,,
2012-12-04,11.7,7.2,9.45,14.2,6.2,,
2012-12-05,8.9,4.4,6.65,1.5,5.0,,
2012-12-06,7.2,6.1,6.65,1.5,5.1,,
2012-12-07,7.8,3.3,5.55,1.0,4.6,,
2012-12-08,6.7,3.3,5.0,0.0,2.0,,
2012-12-09,6.7,2.8,4.75,1.5,2.1,,
2012-12-10,7.2,5.6,6.4,0.5,1.8,,
2012-12-11,7.8,5.6,6.699999999999999,3.0,4.5,,
2012-12-12,6.7,4.4,5.550000000000001,8.1,2.0,,
2012-12-13,7.2,3.3,5.25,2.3,2.8,,
2012-12-14,6.1,1.1,3.5999999999999996,7.9,1.7,,
2012-12-15,4.4,0.6,2.5,5.3,5.1,,
2012-12-16,6.7,3.3,5.0,22.6,5.5,,
2012-12-17,8.3,1.7,5.0,2.0,9.5,,
2012-12-18,3.9,0.6,2.25,3.3,5.3,,
2012-12-19,8.3,1.7,5.0,13.7,5.8,,
2012-12-20,7.2,0.6,3.9,13.2,3.7,,
2012-12-21,8.3,-1.7,3.3000000000000003,1.8,1.7,,
2012-12-22,8.3,3.9,6.1000000000000005,3.3,3.5,,
2012-12-23,7.2,3.3,5.25,6.6,2.5,,
2012-12-24,5.6,2.8,4.199999999999999,0.3,2.8,,
2012-12-25,5.6,2.8,4.199999999999999,13.5,4.2,,
2012-12-26,6.7,3.3,5.0,4.6,4.9,,
2012-12-27,7.8,3.3,5.55,4.1,3.2,,
2012-12-28,8.3,3.9,6.1000000000000005,0.0,1.7,,
2012-12-29,5.0,3.3,4.15,1.5,1.7,,
2012-12-30,4.4,0.0,2.2,0.0,1.8,,
2012-12-31,3.3,-1.1,1.0999999999999999,0.0,2.0,,
2013-01-01,5.0,-2.8,1.1,0.0,2.7,,
2013-01-02,6.1,-1.1,2.5,0.0,3.2,,
2013-01-03,6.7,-1.7,2.5,4.1,3.0,,
2013-01-04,10.0,2.2,6.1,2.5,2.8,,
2013-01-05,6.7,4.4,5.550000000000001,3.0,3.1,,
2013-01-06,7.2,2.8,5.0,2.0,3.0,,
2013-01-07,10.0,4.4,7.2,2.3,7.3,,
2013-01-08,11.7,5.6,8.649999999999999,16.3,6.3,,
2013-01-09,10.0,1.7,5.85,38.4,5.1,,
2013-01-10,3.3,-0.6,1.3499999999999999,0.3,2.1,,
2013-01-11,2.8,-2.8,0.0,0.0,1.9,,
2013-01-12,2.8,-3.9,-0.55,0.0,2.0,,
2013-01-13,2.2,-4.4,-1.1,0.0,1.5,,
2013-01-14,3.3,-2.2,0.5499999999999998,0.0,1.3,,
2013-01-15,6.7,-0.6,3.0500000000000003,0.0,2.3,,
2013-01-16,6.1,-3.9,1.0999999999999999,0.0,1.8,,
2013-01-17,3.9,-2.8,0.55,0.0,1.0,,
2013-01-18,3.3,-1.1,1.0999999999999999,0.0,1.3,,
2013-01-19,1.1,-0.6,0.25000000000000006,0.0,1.9,,
2013-01-20,3.3,-0.6,1.3499999999999999,0.0,2.1,,
2013-01-21,2.2,-1.7,0.2500000000000001,0.0,1.1,,
2013-01-22,3.3,-1.7,0.7999999999999999,0.0,0.6,,
2013-01-23,7.2,2.2,4.7,5.1,3.1,,
2013-01-24,7.2,1.1,4.15,5.8,2.6,,
2013-01-25,10.6,2.8,6.699999999999999,3.0,2.1,,
2013-01-26,8.3,3.9,6.1000000000000005,2.3,4.5,,
2013-01-27,5.6,3.9,4.75,1.8,4.5,,
2013-01-28,6.1,3.3,4.699999999999999,7.9,3.2,,
2013-01-29,8.3,5.0,6.65,4.3,3.9,,
2013-01-30,8.9,6.7,7.800000000000001,3.6,3.9,,
2013-01-31,9.4,7.2,8.3,3.0,4.0,,
2013-02-01,11.7,5.0,8.35,0.3,2.9,,
2013-02-02,6.1,2.8,4.449999999999999,0.0,2.0,,
2013-02-03,8.9,2.8,5.85,2.3,2.9,,
2013-02-04,10.6,6.7,8.65,0.0,2.6,,
2013-02-05,10.0,6.7,8.35,3.3,5.1,,
2013-02-06,10.6,6.1,8.35,1.0,4.5,,
2013-02-07,9.4,3.3,6.35,1.3,4.1,,
2013-02-08,7.8,2.2,5.0,0.0,1.3,,
2013-02-09,8.3,4.4,6.3500000000000005,0.3,1.3,,
2013-02-10,8.9,1.7,5.3,0.0,2.0,,
2013-02-11,8.3,4.4,6.3500000000000005,0.3,1.4,,
2013-02-12,11.1,7.2,9.15,1.0,5.6,,
2013-02-13,9.4,7.2,8.3,2.3,4.1,,
2013-02-14,9.4,5.6,7.5,1.0,2.2,,
2013-02-15,13.3,5.0,9.15,0.0,2.4,,
2013-02-16,11.1,3.9,7.5,0.0,5.6,,
2013-02-17,9.4,4.4,6.9,0.0,3.4,,
2013-02-18,7.8,3.9,5.85,0.0,1.9,,
2013-02-19,10.6,1.7,6.1499999999999995,0.0,3.4,,
2013-02-20,7.8,1.1,4.45,1.5,2.1,,
2013-02-21,6.7,3.9,5.3,0.5,6.2,,
2013-02-22,7.8,3.9,5.85,9.4,8.1,,
2013-02-23,10.0,3.9,6.95,0.3,4.6,,
2013-02-24,8.9,5.0,6.95,0.0,5.5,,
2013-02-25,10.6,3.3,6.949999999999999,2.3,7.1,,
2013-02-26,8.9,3.9,6.4,0.5,3.8,,
2013-02-27,10.0,4.4,7.2,4.6,1.8,,
2013-02-28,11.7,6.7,9.2,8.1,3.8,,
2013-03-01,15.0,11.1,13.05,4.1,5.4,,
2013-03-02,13.9,5.0,9.45,0.8,4.5,,
2013-03-03,11.1,2.2,6.65,0.0,2.8,,
2013-03-04,13.3,0.0,6.65,0.0,3.9,,
2013-03-05,9.4,6.1,7.75,0.0,2.4,,
2013-03-06,7.2,5.0,6.1,11.9,4.1,,
2013-03-07,12.2,5.0,8.6,7.4,2.5,,
2013-03-08,11.7,2.2,6.949999999999999,0.0,2.6,,
2013-03-09,12.8,1.1,6.95,0.0,1.3,,
2013-03-10,7.8,3.9,5.85,0.8,1.6,,
2013-03-11,10.6,6.1,8.35,1.3,1.1,,
2013-03-12,12.8,10.0,11.4,2.0,5.7,,
2013-03-13,11.7,9.4,10.55,2.3,3.7,,
2013-03-14,11.7,9.4,10.55,2.8,3.0,,
2013-03-15,14.4,8.9,11.65,0.0,4.3,,
2013-03-16,10.6,4.4,7.5,4.3,6.4,,
2013-03-17,8.9,3.9,6.4,0.0,6.1,,
2013-03-18,11.7,3.9,7.8,0.0,5.9,,
2013-03-19,12.8,1.7,7.25,11.7,3.4,,
2013-03-20,11.1,4.4,7.75,9.9,7.6,,
2013-03-21,10.0,2.2,6.1,8.1,4.9,,
2013-03-22,9.4,0.6,5.0,0.0,2.2,,
2013-03-23,10.0,1.1,5.55,0.0,2.6,,
2013-03-24,12.2,0.6,6.3999999999999995,0.0,2.1,,
2013-03-25,16.7,4.4,10.55,0.0,2.8,,
2013-03-26,16.7,6.1,11.399999999999999,0.0,1.7,,
2013-03-27,13.3,7.2,10.25,0.3,1.6,,
2013-03-28,16.1,8.3,12.200000000000001,2.0,1.3,,
2013-03-29,18.3,7.8,13.05,0.0,2.5,,
2013-03-30,20.0,5.6,12.8,0.0,4.4,,
2013-03-31,20.6,6.7,13.65,0.0,2.9,,
2013-04-01,17.2,8.3,12.75,0.0,3.6,,
2013-04-02,13.9,8.9,11.4,0.0,2.2,,
2013-04-03,16.7,7.8,12.25,0.0,1.6,,
2013-04-04,14.4,10.0,12.2,8.4,3.0,,
2013-04-05,13.9,10.0,11.95,18.5,5.6,,
2013-04-06,12.2,7.2,9.7,12.7,5.0,,
2013-04-07,8.3,5.0,6.65,39.1,3.9,,
2013-04-08,13.3,6.1,9.7,0.8,3.1,,
2013-04-09,12.2,6.1,9.149999999999999,0.0,2.4,,
2013-04-10,15.0,8.9,11.95,9.4,6.4,,
2013-04-11,12.2,6.7,9.45,1.5,3.8,,
2013-04-12,7.8,4.4,6.1,9.7,4.6,,
2013-04-13,10.6,3.3,6.949999999999999,9.4,5.7,,
2013-04-14,12.8,4.4,8.600000000000001,5.8,2.3,,
2013-04-15,13.9,4.4,9.15,0.0,2.4,,
2013-04-16,13.9,3.3,8.6,0.3,2.6,,
2013-04-17,15.0,3.9,9.45,0.0,3.3,,
2013-04-18,11.7,6.7,9.2,5.3,4.0,,
2013-04-19,13.3,9.4,11.350000000000001,20.6,4.9,,
2013-04-20,13.9,8.3,11.100000000000001,0.0,5.8,,
2013-04-21,12.2,6.7,9.45,3.3,4.1,,
2013-04-22,16.1,5.0,10.55,0.0,4.3,,
2013-04-23,17.8,3.9,10.85,0.0,2.8,,
2013-04-24,21.1,6.1,13.600000000000001,0.0,3.0,,
2013-04-25,21.7,6.7,14.2,0.0,1.1,,
2013-04-26,20.6,8.3,14.450000000000001,0.0,2.2,,
2013-04-27,13.9,10.6,12.25,0.0,5.9,,
2013-04-28,15.0,9.4,12.2,1.0,5.2,,
2013-04-29,13.9,6.7,10.3,3.8,4.2,,
2013-04-30,12.8,4.4,8.600000000000001,0.0,2.4,,
2013-05-01,18.3,3.3,10.8,0.0,3.1,,
2013-05-02,20.6,6.7,13.65,0.0,4.0,,
2013-05-03,21.7,9.4,15.55,0.0,4.9,,
2013-05-04,25.0,11.1,18.05,0.0,6.5,,
2013-05-05,28.9,11.7,20.299999999999997,0.0,5.3,,
2013-05-06,30.6,12.2,21.4,0.0,2.0,,
2013-05-07,20.6,11.1,15.850000000000001,0.0,3.3,,
2013-05-08,19.4,11.1,15.25,0.0,1.9,,
2013-05-09,22.8,10.0,16.4,0.0,1.3,,
2013-05-10,26.1,9.4,17.75,0.0,1.0,,
2013-05-11,27.2,12.2,19.7,0.0,2.6,,
2013-05-12,21.7,13.9,17.8,6.6,3.9,,
2013-05-13,18.9,9.4,14.149999999999999,3.3,5.0,,
2013-05-14,18.3,7.8,13.05,0.0,2.4,,
2013-05-15,17.2,8.9,13.05,1.0,2.3,,
2013-05-16,21.7,12.2,16.95,0.0,2.7,,
2013-05-17,17.2,11.7,14.45,0.5,3.7,,
2013-05-18,16.7,11.1,13.899999999999999,0.0,2.9,,
2013-05-19,18.3,10.6,14.45,0.0,2.3,,
2013-05-20,19.4,9.4,14.399999999999999,0.0,1.8,,
2013-05-21,15.6,8.3,11.95,13.7,4.8,,
2013-05-22,11.1,7.2,9.15,13.7,3.0,,
2013-05-23,12.2,6.7,9.45,4.1,1.9,,
2013-05-24,16.7,8.9,12.8,0.3,2.7,,
2013-05-25,17.8,10.0,13.9,0.0,2.7,,
2013-05-26,18.3,10.6,14.45,1.5,2.2,,
2013-05-27,16.7,11.1,13.899999999999999,9.7,3.1,,
2013-05-28,17.2,11.7,14.45,0.5,2.8,,
2013-05-29,16.1,9.4,12.75,5.6,4.0,,
2013-05-30,16.7,9.4,13.05,0.0,5.3,,
2013-05-31,19.4,11.1,15.25,0.0,2.5,,
2013-06-01,22.8,12.2,17.5,0.0,2.5,,
2013-06-02,20.6,12.2,16.4,1.0,3.1,,
2013-06-03,22.2,11.1,16.65,0.0,2.9,,
2013-06-04,26.1,12.2,19.15,0.0,3.4,,
2013-06-05,26.7,14.4,20.55,0.0,3.1,,
2013-06-06,26.7,12.2,19.45,0.0,2.5,,
2013-06-07,21.7,13.3,17.5,0.0,3.2,,
2013-06-08,20.6,12.8,16.700000000000003,0.0,3.1,,
2013-06-09,20.6,11.1,15.850000000000001,0.0,3.7,,
2013-06-10,21.7,11.7,16.7,0.0,3.2,,
2013-06-11,20.0,10.0,15.0,0.0,5.7,,
2013-06-12,20.6,11.7,16.15,0.3,4.2,,
2013-06-13,21.1,11.7,16.4,0.0,2.6,,
2013-06-14,20.0,12.2,16.1,0.0,3.7,,
2013-06-15,25.6,10.0,17.8,0.0,2.9,,
2013-06-16,23.9,12.8,18.35,0.0,3.4,,
2013-06-17,25.6,13.9,19.75,0.0,3.0,,
2013-06-18,23.3,13.3,18.3,0.3,3.4,,
2013-06-19,20.0,12.8,16.4,0.0,3.7,,
2013-06-20,17.2,12.8,15.0,3.0,5.0,,
2013-06-21,20.6,12.2,16.4,0.3,1.5,,
2013-06-22,25.6,11.7,18.65,0.0,1.7,,
2013-06-23,22.2,15.0,18.6,7.9,2.1,,
2013-06-24,21.1,13.9,17.5,4.8,3.7,,
2013-06-25,23.3,14.4,18.85,9.9,2.8,,
2013-06-26,22.2,15.0,18.6,2.0,2.3,,
2013-06-27,21.1,16.7,18.9,3.6,1.3,,
2013-06-28,30.6,16.1,23.35,0.0,2.2,,
2013-06-29,30.0,18.3,24.15,0.0,1.7,,
2013-06-30,33.9,17.2,25.549999999999997,0.0,2.5,,
2013-07-01,31.7,18.3,25.0,0.0,2.3,,
2013-07-02,28.3,15.6,21.95,0.0,3.0,,
2013-07-03,26.1,16.7,21.4,0.0,3.2,,
2013-07-04,21.7,13.9,17.8,0.0,2.2,,
2013-07-05,23.3,13.9,18.6,0.0,2.6,,
2013-07-06,26.1,13.3,19.700000000000003,0.0,2.2,,
2013-07-07,23.9,13.9,18.9,0.0,2.9,,
2013-07-08,26.7,13.3,20.0,0.0,2.8,,
2013-07-09,30.0,15.0,22.5,0.0,2.5,,
2013-07-10,22.2,13.9,18.05,0.0,2.6,,
2013-07-11,22.8,12.2,17.5,0.0,3.0,,
2013-07-12,19.4,13.3,16.35,0.0,2.2,,
2013-07-13,26.1,11.1,18.6,0.0,3.1,,
2013-07-14,27.8,12.8,20.3,0.0,3.0,,
2013-07-15,27.8,14.4,21.1,0.0,4.6,,
2013-07-16,31.1,18.3,24.700000000000003,0.0,4.1,,
2013-07-17,22.2,15.0,18.6,0.0,3.7,,
2013-07-18,26.1,13.9,20.0,0.0,2.0,,
2013-07-19,27.8,13.3,20.55,0.0,1.9,,
2013-07-20,25.0,13.3,19.15,0.0,2.0,,
2013-07-21,23.9,12.8,18.35,0.0,2.3,,
2013-07-22,26.1,13.3,19.700000000000003,0.0,2.4,,
2013-07-23,31.1,13.9,22.5,0.0,3.0,,
2013-07-24,31.1,14.4,22.75,0.0,2.5,,
2013-07-25,31.1,12.8,21.950000000000003,0.0,2.3,,
2013-07-26,31.1,14.4,22.75,0.0,2.9,,
2013-07-27,25.6,12.8,19.200000000000003,0.0,2.6,,
2013-07-28,21.1,12.2,16.65,0.0,3.4,,
2013-07-29,25.0,13.3,19.15,0.0,1.4,,
2013-07-30,25.0,13.3,19.15,0.0,2.8,,
2013-07-31,21.7,13.3,17.5,0.0,1.8,,
2013-08-01,20.6,13.3,16.950000000000003,0.0,3.9,,
2013-08-02,17.2,15.0,16.1,2.0,2.0,,
2013-08-03,25.0,15.6,20.3,0.0,2.4,,
2013-08-04,28.9,15.0,21.95,0.0,3.4,,
2013-08-05,30.0,15.0,22.5,0.0,2.1,,
2013-08-06,30.6,13.9,22.25,0.0,1.4,,
2013-08-07,31.1,13.9,22.5,0.0,1.9,,
2013-08-08,28.3,14.4,21.35,0.0,2.5,,
2013-08-09,28.3,14.4,21.35,0.0,2.1,,
2013-08-10,25.6,15.0,20.3,2.3,2.9,,
2013-08-11,25.0,14.4,19.7,0.0,2.9,,
2013-08-12,25.6,16.1,20.85,0.0,1.9,,
2013-08-13,27.8,15.0,21.4,0.0,1.8,,
2013-08-14,27.2,15.0,21.1,0.8,2.0,,
2013-08-15,21.1,17.2,19.15,1.8,1.0,,
2013-08-16,28.9,16.1,22.5,0.0,2.2,,
2013-08-17,25.6,17.2,21.4,0.0,3.0,,
2013-08-18,26.1,15.6,20.85,0.0,3.1,,
2013-08-19,26.7,15.6,21.15,0.0,3.0,,
2013-08-20,25.6,16.1,20.85,0.0,4.6,,
2013-08-21,27.8,15.0,21.4,0.0,4.3,,
2013-08-22,28.9,15.0,21.95,0.0,1.9,,
2013-08-23,25.0,16.1,20.55,0.0,4.1,,
2013-08-24,25.0,16.7,20.85,0.0,2.7,,
2013-08-25,22.2,16.1,19.15,0.3,2.6,,
2013-08-26,24.4,16.1,20.25,1.0,1.9,,
2013-08-27,26.7,17.2,21.95,1.3,1.4,,
2013-08-28,26.7,15.6,21.15,5.6,1.3,,
2013-08-29,23.9,18.3,21.1,19.3,3.0,,
2013-08-30,26.1,16.1,21.1,0.0,2.9,,
2013-08-31,27.8,13.9,20.85,0.0,2.6,,
2013-09-01,27.8,15.6,21.7,0.0,2.5,,
2013-09-02,27.8,17.2,22.5,0.0,2.1,,
2013-09-03,25.0,16.7,20.85,2.3,1.7,,
2013-09-04,22.8,16.1,19.450000000000003,0.3,2.4,,
2013-09-05,20.0,15.6,17.8,27.7,2.5,,
2013-09-06,21.7,16.1,18.9,21.3,2.6,,
2013-09-07,23.3,17.2,20.25,0.0,2.0,,
2013-09-08,26.7,14.4,20.55,0.0,1.5,,
2013-09-09,26.1,13.9,20.0,0.0,2.1,,
2013-09-10,26.7,15.0,20.85,0.0,3.7,,
2013-09-11,33.9,16.1,25.0,0.0,2.4,,
2013-09-12,25.6,15.0,20.3,0.0,1.7,,
2013-09-13,18.9,15.6,17.25,0.0,2.0,,
2013-09-14,21.7,15.6,18.65,0.0,1.4,,
2013-09-15,18.9,14.4,16.65,3.3,2.2,,
2013-09-16,21.7,15.0,18.35,0.3,4.3,,
2013-09-17,17.8,13.9,15.850000000000001,0.0,2.3,,
2013-09-18,21.1,13.3,17.200000000000003,0.0,2.5,,
2013-09-19,25.6,10.0,17.8,0.0,1.5,,
2013-09-20,23.3,13.3,18.3,3.6,3.0,,
2013-09-21,21.1,13.3,17.200000000000003,0.0,2.5,,
2013-09-22,17.2,13.3,15.25,13.5,5.5,,
2013-09-23,16.1,11.1,13.600000000000001,2.8,4.5,,
2013-09-24,17.8,10.0,13.9,0.0,2.6,,
2013-09-25,16.1,9.4,12.75,2.0,3.0,,
2013-09-26,17.2,7.2,12.2,0.0,2.2,,
2013-09-27,13.9,10.6,12.25,1.0,4.3,,
2013-09-28,16.7,11.7,14.2,43.4,6.0,,
2013-09-29,14.4,11.1,12.75,16.8,7.1,,
2013-09-30,13.9,10.0,11.95,18.5,6.3,,
2013-10-01,14.4,8.9,11.65,7.9,4.7,,
2013-10-02,12.8,9.4,11.100000000000001,5.3,2.4,,
2013-10-03,14.4,8.9,11.65,0.8,0.9,,
2013-10-04,17.8,5.6,11.7,0.0,1.1,,
2013-10-05,20.0,8.3,14.15,0.0,1.6,,
2013-10-06,22.8,7.8,15.3,4.1,2.6,,
2013-10-07,16.1,11.7,13.9,0.5,6.3,,
2013-10-08,13.9,7.8,10.85,6.9,3.0,,
2013-10-09,15.0,5.6,10.3,0.0,1.6,,
2013-10-10,14.4,8.3,11.350000000000001,1.0,1.7,,
2013-10-11,13.9,10.6,12.25,9.1,1.0,,
2013-10-12,14.4,8.9,11.65,1.0,2.2,,
2013-10-13,15.0,6.7,10.85,0.0,1.8,,
2013-10-14,15.6,3.9,9.75,0.0,1.6,,
2013-10-15,15.6,5.0,10.3,0.0,0.9,,
2013-10-16,12.8,8.9,10.850000000000001,0.0,2.7,,
2013-10-17,14.4,8.9,11.65,0.0,1.7,,
2013-10-18,12.8,7.2,10.0,0.0,1.2,,
2013-10-19,10.6,7.8,9.2,0.0,1.4,,
2013-10-20,10.6,7.8,9.2,0.0,2.4,,
2013-10-21,11.7,8.3,10.0,0.0,2.5,,
2013-10-22,14.4,7.2,10.8,0.0,1.9,,
2013-10-23,12.8,6.1,9.45,0.0,0.4,,
2013-10-24,10.0,6.1,8.05,0.0,0.6,,
2013-10-25,12.2,7.8,10.0,0.0,1.8,,
2013-10-26,11.7,8.3,10.0,0.0,2.7,,
2013-10-27,13.9,8.3,11.100000000000001,1.8,4.4,,
2013-10-28,14.4,7.2,10.8,0.0,5.1,,
2013-10-29,13.3,3.3,8.3,0.0,2.2,,
2013-10-30,15.0,5.6,10.3,0.5,3.9,,
2013-10-31,14.4,10.6,12.5,0.3,2.2,,
2013-11-01,17.8,11.7,14.75,1.3,1.4,,
2013-11-02,14.4,8.3,11.350000000000001,12.7,7.9,,
2013-11-03,12.2,4.4,8.3,0.5,2.4,,
2013-11-04,10.6,3.9,7.25,0.0,1.6,,
2013-11-05,13.3,7.2,10.25,2.5,3.1,,
2013-11-06,12.8,7.8,10.3,3.8,1.7,,
2013-11-07,11.1,10.0,10.55,30.0,7.2,,
2013-11-08,13.3,7.2,10.25,0.0,4.1,,
2013-11-09,11.1,5.0,8.05,1.8,1.4,,
2013-11-10,11.1,8.3,9.7,0.0,4.4,,
2013-11-11,16.1,6.1,11.100000000000001,0.0,2.6,,
2013-11-12,15.6,8.9,12.25,4.1,2.2,,
2013-11-13,13.9,10.6,12.25,0.0,3.8,,
2013-11-14,11.1,6.1,8.6,1.3,1.1,,
2013-11-15,10.6,7.2,8.9,3.0,6.0,,
2013-11-16,10.0,5.0,7.5,0.0,4.6,,
2013-11-17,11.7,7.2,9.45,5.3,5.4,,
2013-11-18,12.8,9.4,11.100000000000001,26.2,3.9,,
2013-11-19,13.3,4.4,8.850000000000001,1.0,5.1,,
2013-11-20,7.8,1.7,4.75,0.0,4.3,,
2013-11-21,7.8,-0.5,3.65,0.0,3.6,,
2013-11-22,9.4,0.0,4.7,0.0,4.6,,
2013-11-23,11.1,1.1,6.1,0.0,2.6,,
2013-11-24,11.7,0.6,6.1499999999999995,0.0,0.9,,
2013-11-25,12.2,2.2,7.199999999999999,0.0,0.5,,
2013-11-26,12.2,2.8,7.5,0.0,1.0,,
2013-11-27,14.4,5.6,10.0,0.0,1.3,,
2013-11-28,11.7,3.3,7.5,0.0,0.7,,
2013-11-29,9.4,5.0,7.2,0.5,2.1,,
2013-11-30,11.1,7.2,9.15,2.3,3.9,,
2013-12-01,13.3,7.8,10.55,3.0,8.8,,
2013-12-02,7.8,1.7,4.75,4.6,3.5,,
2013-12-03,5.0,-0.5,2.25,0.0,5.6,,
2013-12-04,4.4,-2.1,1.1500000000000001,0.0,1.6,,
2013-12-05,1.1,-4.9,-1.9000000000000001,0.0,2.6,,
2013-12-06,1.1,-4.3,-1.5999999999999999,0.0,4.7,,
2013-12-07,0.0,-7.1,-3.55,0.0,3.1,,
2013-12-08,2.2,-6.6,-2.1999999999999997,0.0,2.2,,
2013-12-09,1.1,-4.9,-1.9000000000000001,0.0,1.3,,
2013-12-10,5.6,0.6,3.0999999999999996,0.0,1.5,,
2013-12-11,5.0,-1.6,1.7,0.0,0.8,,
2013-12-12,5.6,-0.5,2.55,6.9,2.3,,
2013-12-13,9.4,5.6,7.5,0.5,2.9,,
2013-12-14,9.4,6.1,7.75,0.0,3.7,,
2013-12-15,11.7,8.3,10.0,1.3,3.9,,
2013-12-16,10.0,4.4,7.2,0.3,1.0,,
2013-12-17,8.3,4.4,6.3500000000000005,0.0,2.7,,
2013-12-18,7.8,2.2,5.0,1.3,2.8,,
2013-12-19,5.0,0.0,2.5,0.0,2.1,,
2013-12-20,8.3,0.6,4.45,5.6,3.7,,
2013-12-21,8.9,5.6,7.25,5.6,2.3,,
2013-12-22,10.6,8.3,9.45,10.7,4.0,,
2013-12-23,11.7,6.1,8.899999999999999,1.5,5.9,,
2013-12-24,8.3,2.8,5.550000000000001,0.0,1.7,,
2013-12-25,6.7,1.7,4.2,0.0,0.8,,
2013-12-26,6.7,0.6,3.65,0.0,0.5,,
2013-12-27,8.9,0.0,4.45,0.3,2.1,,
2013-12-28,9.4,3.3,6.35,0.0,1.3,,
2013-12-29,7.2,1.7,4.45,0.0,1.1,,
2013-12-30,8.9,4.4,6.65,0.3,2.6,,
2013-12-31,8.3,5.0,6.65,0.5,1.7,,
2014-01-01,7.2,3.3,5.25,0.0,1.2,,
2014-01-02,10.6,6.1,8.35,4.1,3.2,,
2014-01-03,8.9,2.8,5.85,1.5,2.6,,
2014-01-04,7.8,0.6,4.2,0.0,2.7,,
2014-01-05,8.3,-0.5,3.9000000000000004,0.0,3.7,,
2014-01-06,7.8,-0.5,3.65,0.3,2.6,,
2014-01-07,8.3,5.0,6.65,12.2,1.6,,
2014-01-08,10.0,7.2,8.6,9.7,4.6,,
2014-01-09,9.4,5.6,7.5,5.8,6.3,,
2014-01-10,12.8,8.3,10.55,4.3,7.0,,
2014-01-11,14.4,7.2,10.8,21.3,8.8,,
2014-01-12,11.1,5.6,8.35,1.5,8.1,,
2014-01-13,10.6,10.0,10.3,0.0,7.1,,
2014-01-14,11.1,7.2,9.15,0.0,1.3,,
2014-01-15,11.1,5.6,8.35,0.0,2.5,,
2014-01-16,6.7,4.4,5.550000000000001,0.0,2.7,,
2014-01-17,5.6,2.8,4.199999999999999,0.0,2.3,,
2014-01-18,9.4,0.6,5.0,0.0,2.2,,
2014-01-19,6.1,3.3,4.699999999999999,0.0,2.5,,
2014-01-20,10.0,2.8,6.4,0.0,2.2,,
2014-01-21,10.0,1.7,5.85,0.0,1.5,,
2014-01-22,9.4,5.6,7.5,0.5,2.6,,
2014-01-23,10.0,2.8,6.4,0.0,5.2,,
2014-01-24,12.8,1.1,6.95,0.0,1.9,,
2014-01-25,12.2,1.1,6.6499999999999995,0.0,0.8,,
2014-01-26,8.3,0.6,4.45,0.0,1.3,,
2014-01-27,9.4,1.7,5.55,0.0,1.3,,
2014-01-28,11.1,6.1,8.6,8.9,1.6,,
2014-01-29,11.1,7.2,9.15,21.6,3.4,,
2014-01-30,8.3,6.1,7.2,0.0,6.4,,
2014-01-31,7.8,5.6,6.699999999999999,2.3,2.6,,
2014-02-01,7.8,2.8,5.3,2.0,0.8,,
2014-02-02,8.9,1.1,5.0,0.0,2.5,,
2014-02-03,5.0,0.0,2.5,0.0,4.3,,
2014-02-04,2.8,-2.1,0.34999999999999987,0.0,4.7,,
2014-02-05,-0.5,-5.5,-3.0,0.0,6.6,,
2014-02-06,-1.6,-6.0,-3.8,0.0,4.5,,
2014-02-07,3.3,-4.9,-0.8000000000000003,0.0,4.2,,
2014-02-08,5.6,-0.5,2.55,5.1,4.6,,
2014-02-09,3.9,0.0,1.95,0.5,2.4,,
2014-02-10,10.0,2.2,6.1,18.3,4.7,,
2014-02-11,12.2,5.6,8.899999999999999,17.0,3.8,,
2014-02-12,12.2,7.2,9.7,4.6,6.4,,
2014-02-13,12.8,7.8,10.3,1.8,6.3,,
2014-02-14,11.7,6.1,8.899999999999999,9.4,6.4,,
2014-02-15,11.1,5.0,8.05,11.7,5.1,,
2014-02-16,9.4,3.9,6.65,26.4,7.9,,
2014-02-17,8.3,4.4,6.3500000000000005,14.5,5.5,,
2014-02-18,8.9,5.0,6.95,15.2,6.2,,
2014-02-19,8.3,3.9,6.1000000000000005,1.0,6.0,,
2014-02-20,10.0,5.6,7.8,3.0,6.9,,
2014-02-21,6.7,3.9,5.3,2.8,2.9,,
2014-02-22,5.6,2.8,4.199999999999999,2.5,3.1,,
2014-02-23,7.2,3.9,5.55,6.1,2.6,,
2014-02-24,6.7,3.3,5.0,13.0,3.2,,
2014-02-25,12.2,3.9,8.049999999999999,0.3,4.5,,
2014-02-26,13.9,5.6,9.75,0.0,2.5,,
2014-02-27,12.8,4.4,8.600000000000001,0.0,2.3,,
2014-02-28,14.4,4.4,9.4,0.0,5.9,,
2014-03-01,7.2,4.4,5.800000000000001,0.5,4.7,,
2014-03-02,11.1,2.8,6.949999999999999,19.1,5.7,,
2014-03-03,14.4,8.9,11.65,10.7,5.1,,
2014-03-04,13.9,7.8,10.85,16.5,3.9,,
2014-03-05,15.6,10.6,13.1,46.7,3.9,,
2014-03-06,13.3,10.0,11.65,3.0,6.2,,
2014-03-07,15.6,8.9,12.25,0.0,4.2,,
2014-03-08,12.8,6.7,9.75,32.3,2.7,,
2014-03-09,15.0,9.4,12.2,4.3,4.3,,
2014-03-10,12.2,6.1,9.149999999999999,18.8,2.2,,
2014-03-11,14.4,4.4,9.4,0.0,2.3,,
2014-03-12,16.1,3.3,9.700000000000001,0.0,1.9,,
2014-03-13,13.9,5.0,9.45,0.5,2.5,,
2014-03-14,14.4,8.3,11.350000000000001,6.9,6.1,,
2014-03-15,16.7,4.4,10.55,8.1,3.0,,
2014-03-16,10.6,4.4,7.5,27.7,3.8,,
2014-03-17,10.0,2.8,6.4,0.3,3.2,,
2014-03-18,10.0,3.3,6.65,0.0,1.6,,
2014-03-19,11.1,3.3,7.199999999999999,0.5,5.1,,
2014-03-20,11.1,1.7,6.3999999999999995,0.0,3.0,,
2014-03-21,10.6,2.8,6.699999999999999,0.0,3.8,,
2014-03-22,11.1,1.1,6.1,0.0,1.8,,
2014-03-23,12.8,4.4,8.600000000000001,0.0,3.3,,
2014-03-24,18.9,2.8,10.85,0.0,2.2,,
2014-03-25,13.9,6.7,10.3,4.1,4.4,,
2014-03-26,11.1,5.6,8.35,3.6,2.4,,
2014-03-27,12.2,6.7,9.45,0.3,2.8,,
2014-03-28,11.7,7.2,9.45,22.1,3.9,,
2014-03-29,11.7,7.2,9.45,14.0,5.1,,
2014-03-30,11.1,5.0,8.05,0.0,5.1,,
2014-03-31,15.6,2.2,8.9,0.0,3.8,,
2014-04-01,14.4,6.7,10.55,0.0,2.8,,
2014-04-02,14.4,5.6,10.0,0.0,4.2,,
2014-04-03,13.3,6.1,9.7,2.5,3.9,,
2014-04-04,12.8,6.1,9.45,0.0,4.7,,
2014-04-05,11.7,7.8,9.75,4.6,4.3,,
2014-04-06,13.9,8.3,11.100000000000001,0.0,2.6,,
2014-04-07,21.1,9.4,15.25,0.0,2.5,,
2014-04-08,15.6,8.3,11.95,4.6,4.2,,
2014-04-09,14.4,6.7,10.55,0.0,2.9,,
2014-04-10,15.0,6.7,10.85,0.0,3.6,,
2014-04-11,17.2,5.0,11.1,0.0,2.8,,
2014-04-12,16.1,7.8,11.950000000000001,0.0,4.4,,
2014-04-13,20.6,5.6,13.100000000000001,0.0,3.1,,
2014-04-14,20.0,5.6,12.8,0.0,2.6,,
2014-04-15,14.4,7.8,11.1,0.5,4.0,,
2014-04-16,11.1,8.9,10.0,10.9,4.6,,
2014-04-17,11.7,7.2,9.45,18.5,4.7,,
2014-04-18,14.4,5.6,10.0,0.0,3.8,,
2014-04-19,11.7,5.6,8.649999999999999,13.7,4.7,,
2014-04-20,15.6,5.6,10.6,0.0,2.7,,
2014-04-21,17.2,7.8,12.5,5.1,2.5,,
2014-04-22,12.2,5.0,8.6,14.2,4.2,,
2014-04-23,11.7,6.1,8.899999999999999,8.9,5.0,,
2014-04-24,13.9,6.1,10.0,12.4,5.3,,
2014-04-25,14.4,5.6,10.0,0.0,2.3,,
2014-04-26,15.0,5.6,10.3,3.3,3.9,,
2014-04-27,11.1,6.1,8.6,6.9,5.8,,
2014-04-28,16.1,4.4,10.25,0.0,2.6,,
2014-04-29,25.0,9.4,17.2,0.0,2.3,,
2014-04-30,27.8,9.4,18.6,0.0,3.9,,
2014-05-01,29.4,11.1,20.25,0.0,3.0,,
2014-05-02,18.3,10.6,14.45,0.0,4.7,,
2014-05-03,15.0,8.9,11.95,33.3,3.4,,
2014-05-04,14.4,8.9,11.65,16.0,4.2,,
2014-05-05,15.6,9.4,12.5,5.1,3.8,,
2014-05-06,16.7,8.3,12.5,0.0,2.6,,
2014-05-07,18.3,7.2,12.75,0.0,1.7,,
2014-05-08,13.9,9.4,11.65,13.7,3.4,,
2014-05-09,13.3,7.2,10.25,2.0,5.6,,
2014-05-10,15.6,7.2,11.4,0.5,2.1,,
2014-05-11,18.9,8.3,13.6,0.0,1.7,,
2014-05-12,24.4,9.4,16.9,0.0,2.7,,
2014-05-13,26.7,12.8,19.75,0.0,3.8,,
2014-05-14,27.8,13.3,20.55,0.0,3.3,,
2014-05-15,26.7,12.8,19.75,0.0,3.0,,
2014-05-16,20.0,11.7,15.85,0.0,4.1,,
2014-05-17,20.0,11.7,15.85,0.0,3.2,,
2014-05-18,20.0,10.6,15.3,0.0,3.2,,
2014-05-19,21.1,10.0,15.55,0.0,2.2,,
2014-05-20,22.2,10.0,16.1,0.0,2.7,,
2014-05-21,20.0,10.6,15.3,0.0,1.7,,
2014-05-22,24.4,11.7,18.049999999999997,0.0,2.5,,
2014-05-23,20.0,12.8,16.4,3.8,4.0,,
2014-05-24,18.3,11.1,14.7,0.0,2.4,,
2014-05-25,15.0,10.6,12.8,5.6,1.4,,
2014-05-26,18.3,11.1,14.7,0.0,4.5,,
2014-05-27,20.0,10.0,15.0,0.0,2.5,,
2014-05-28,18.9,10.0,14.45,0.0,3.4,,
2014-05-29,18.9,11.1,15.0,0.0,4.3,,
2014-05-30,20.6,8.9,14.75,0.0,4.5,,
2014-05-31,23.3,10.0,16.65,0.0,2.2,,
2014-06-01,22.2,10.6,16.4,0.0,2.3,,
2014-06-02,23.3,11.1,17.2,0.0,2.4,,
2014-06-03,18.3,11.1,14.7,0.0,3.2,,
2014-06-04,19.4,10.0,14.7,0.0,2.6,,
2014-06-05,22.2,10.0,16.1,0.0,2.4,,
2014-06-06,25.0,10.6,17.8,0.0,3.2,,
2014-06-07,24.4,13.3,18.85,0.0,3.1,,
2014-06-08,23.3,12.2,17.75,0.0,2.1,,
2014-06-09,21.1,13.3,17.200000000000003,0.0,3.6,,
2014-06-10,20.0,12.2,16.1,0.0,2.9,,
2014-06-11,23.9,11.1,17.5,0.0,2.7,,
2014-06-12,21.7,12.2,16.95,1.8,4.0,,
2014-06-13,15.6,11.1,13.35,6.4,5.0,,
2014-06-14,17.8,11.7,14.75,0.0,3.2,,
2014-06-15,18.3,10.0,14.15,0.5,3.6,,
2014-06-16,17.8,8.9,13.350000000000001,3.6,2.4,,
2014-06-17,17.8,10.0,13.9,1.3,3.0,,
2014-06-18,18.9,11.1,15.0,0.0,2.7,,
2014-06-19,25.6,11.7,18.65,0.8,3.7,,
2014-06-20,20.0,10.0,15.0,0.3,3.4,,
2014-06-21,22.2,10.6,16.4,0.0,3.6,,
2014-06-22,25.0,11.1,18.05,0.0,2.7,,
2014-06-23,25.0,13.3,19.15,0.0,2.5,,
2014-06-24,24.4,14.4,19.4,0.0,2.5,,
2014-06-25,26.1,13.9,20.0,0.0,2.4,,
2014-06-26,21.1,14.4,17.75,0.0,4.1,,
2014-06-27,21.1,13.9,17.5,1.8,4.5,,
2014-06-28,20.0,13.3,16.65,2.3,4.3,,
2014-06-29,20.6,12.8,16.700000000000003,0.0,3.2,,
2014-06-30,25.6,12.8,19.200000000000003,0.0,4.4,,
2014-07-01,34.4,15.6,25.0,0.0,3.5,,
2014-07-02,27.2,14.4,20.8,0.0,3.6,,
2014-07-03,21.7,13.9,17.8,0.0,3.1,,
2014-07-04,23.9,13.9,18.9,0.0,3.6,,
2014-07-05,24.4,13.3,18.85,0.0,2.2,,
2014-07-06,28.9,15.0,21.95,0.0,3.0,,
2014-07-07,27.2,17.8,22.5,0.0,4.1,,
2014-07-08,30.0,15.6,22.8,0.0,3.5,,
2014-07-09,26.7,13.9,20.3,0.0,2.3,,
2014-07-10,28.9,12.8,20.85,0.0,2.2,,
2014-07-11,31.1,15.0,23.05,0.0,2.2,,
2014-07-12,32.2,16.7,24.450000000000003,0.0,2.2,,
2014-07-13,29.4,15.0,22.2,0.0,2.6,,
2014-07-14,27.8,15.0,21.4,0.0,2.8,,
2014-07-15,31.1,13.9,22.5,0.0,2.3,,
2014-07-16,31.1,14.4,22.75,0.0,2.4,,
2014-07-17,26.7,13.9,20.3,0.0,3.7,,
2014-07-18,23.9,11.7,17.799999999999997,0.0,2.8,,
2014-07-19,25.6,15.0,20.3,0.0,5.4,,
2014-07-20,19.4,14.4,16.9,0.0,2.8,,
2014-07-21,23.9,13.3,18.6,0.0,2.2,,
2014-07-22,21.1,13.3,17.200000000000003,0.3,1.1,,
2014-07-23,18.9,13.3,16.1,19.3,3.3,,
2014-07-24,20.6,12.8,16.700000000000003,0.0,4.7,,
2014-07-25,22.8,12.2,17.5,0.0,2.7,,
2014-07-26,26.1,13.3,19.700000000000003,0.0,3.6,,
2014-07-27,28.3,15.0,21.65,0.0,4.1,,
2014-07-28,30.6,15.0,22.8,0.0,3.7,,
2014-07-29,30.0,15.6,22.8,0.0,2.8,,
2014-07-30,29.4,14.4,21.9,0.0,3.4,,
2014-07-31,30.6,17.8,24.200000000000003,0.0,4.1,,
2014-08-01,28.9,15.0,21.95,0.0,3.3,,
2014-08-02,29.4,15.6,22.5,0.5,1.7,,
2014-08-03,31.7,14.4,23.05,0.0,2.6,,
2014-08-04,32.8,16.1,24.45,0.0,2.6,,
2014-08-05,25.0,13.9,19.45,0.0,2.7,,
2014-08-06,26.1,15.0,20.55,0.0,2.2,,
2014-08-07,25.6,13.3,19.450000000000003,0.0,2.4,,
2014-08-08,25.6,13.3,19.450000000000003,0.0,2.9,,
2014-08-09,27.2,15.6,21.4,0.0,4.1,,
2014-08-10,30.6,13.9,22.25,0.0,3.4,,
2014-08-11,35.6,17.8,26.700000000000003,0.5,2.6,,
2014-08-12,27.2,17.2,22.2,12.7,3.1,,
2014-08-13,23.3,15.0,19.15,21.6,2.7,,
2014-08-14,21.1,17.2,19.15,0.0,0.6,,
2014-08-15,24.4,16.7,20.549999999999997,1.0,1.5,,
2014-08-16,25.6,15.6,20.6,0.0,2.2,,
2014-08-17,27.8,15.0,21.4,0.0,2.8,,
2014-08-18,29.4,15.6,22.5,0.0,3.3,,
2014-08-19,27.2,15.6,21.4,0.0,2.4,,
2014-08-20,21.7,13.9,17.8,0.0,3.6,,
2014-08-21,21.1,11.1,16.1,0.0,1.7,,
2014-08-22,23.9,13.3,18.6,0.0,2.9,,
2014-08-23,27.8,13.9,20.85,0.0,2.0,,
2014-08-24,25.0,13.3,19.15,0.0,2.3,,
2014-08-25,28.9,14.4,21.65,0.0,2.0,,
2014-08-26,31.1,15.6,23.35,0.0,1.8,,
2014-08-27,28.9,16.1,22.5,0.0,1.6,,
2014-08-28,23.3,14.4,18.85,0.0,2.3,,
2014-08-29,22.8,15.0,18.9,0.0,3.4,,
2014-08-30,17.8,15.0,16.4,8.4,2.2,,
2014-08-31,21.1,13.9,17.5,1.3,1.9,,
2014-09-01,23.3,12.8,18.05,0.0,2.5,,
2014-09-02,20.0,13.9,16.95,3.0,4.3,,
2014-09-03,20.6,12.8,16.700000000000003,0.0,2.7,,
2014-09-04,23.9,11.1,17.5,0.0,3.1,,
2014-09-05,27.8,13.9,20.85,0.0,6.5,,
2014-09-06,32.2,15.0,23.6,0.0,2.9,,
2014-09-07,28.3,13.3,20.8,0.0,2.1,,
2014-09-08,21.1,13.3,17.200000000000003,0.0,2.8,,
2014-09-09,21.7,13.3,17.5,0.0,2.3,,
2014-09-10,22.2,12.2,17.2,0.0,3.9,,
2014-09-11,24.4,12.8,18.6,0.0,5.3,,
2014-09-12,24.4,12.8,18.6,0.0,5.9,,
2014-09-13,28.3,10.0,19.15,0.0,4.2,,
2014-09-14,30.0,11.7,20.85,0.0,1.8,,
2014-09-15,30.6,12.2,21.4,0.0,1.2,,
2014-09-16,22.2,13.9,18.05,0.0,2.8,,
2014-09-17,22.8,14.4,18.6,0.5,2.3,,
2014-09-18,19.4,15.0,17.2,0.3,3.1,,
2014-09-19,23.9,16.1,20.0,0.0,2.8,,
2014-09-20,24.4,14.4,19.4,0.0,4.4,,
2014-09-21,26.1,12.8,19.450000000000003,0.0,3.0,,
2014-09-22,22.2,15.0,18.6,0.3,2.1,,
2014-09-23,18.9,14.4,16.65,18.3,2.5,,
2014-09-24,18.9,14.4,16.65,20.3,2.7,,
2014-09-25,21.7,14.4,18.05,4.3,2.5,,
2014-09-26,20.0,13.9,16.95,8.9,3.3,,
2014-09-27,20.6,11.7,16.15,0.0,3.2,,
2014-09-28,18.9,12.2,15.549999999999999,0.0,2.0,,
2014-09-29,16.7,11.1,13.899999999999999,0.8,3.5,,
2014-09-30,19.4,12.2,15.799999999999999,0.0,2.6,,
2014-10-01,18.3,11.1,14.7,0.0,2.1,,
2014-10-02,19.4,10.0,14.7,0.0,2.0,,
2014-10-03,22.2,8.9,15.55,0.0,1.0,,
2014-10-04,21.7,12.2,16.95,0.0,1.2,,
2014-10-05,23.9,11.7,17.799999999999997,0.0,1.4,,
2014-10-06,25.6,13.3,19.450000000000003,0.0,2.5,,
2014-10-07,18.9,13.9,16.4,0.0,1.0,,
2014-10-08,20.6,12.8,16.700000000000003,0.0,1.8,,
2014-10-09,17.2,11.1,14.149999999999999,0.0,1.0,,
2014-10-10,18.3,10.0,14.15,0.3,3.8,,
2014-10-11,18.3,11.7,15.0,7.4,3.5,,
2014-10-12,17.8,11.7,14.75,0.0,2.1,,
2014-10-13,21.1,10.0,15.55,7.6,3.1,,
2014-10-14,16.7,11.7,14.2,7.1,2.2,,
2014-10-15,16.1,11.7,13.9,8.6,4.7,,
2014-10-16,20.6,11.1,15.850000000000001,0.0,3.3,,
2014-10-17,16.7,11.7,14.2,3.3,3.0,,
2014-10-18,19.4,13.9,16.65,15.0,1.9,,
2014-10-19,22.2,12.8,17.5,0.0,3.2,,
2014-10-20,16.1,12.2,14.15,11.7,3.1,,
2014-10-21,16.1,11.7,13.9,1.0,4.7,,
2014-10-22,15.6,11.7,13.649999999999999,32.0,5.0,,
2014-10-23,14.4,8.3,11.350000000000001,9.4,4.6,,
2014-10-24,14.4,8.9,11.65,4.1,3.2,,
2014-10-25,16.7,8.3,12.5,6.1,5.4,,
2014-10-26,12.8,7.8,10.3,1.5,5.0,,
2014-10-27,15.6,6.7,11.15,0.8,2.4,,
2014-10-28,15.0,9.4,12.2,12.7,3.9,,
2014-10-29,16.7,11.7,14.2,0.5,3.1,,
2014-10-30,15.6,11.1,13.35,25.4,3.2,,
2014-10-31,12.8,8.3,10.55,17.0,2.0,,
2014-11-01,11.1,7.2,9.15,0.0,1.2,,
2014-11-02,13.3,7.2,10.25,1.8,2.9,,
2014-11-03,13.9,11.1,12.5,10.9,4.8,,
2014-11-04,14.4,10.6,12.5,4.1,3.3,,
2014-11-05,15.0,10.6,12.8,4.8,2.1,,
2014-11-06,16.7,10.6,13.649999999999999,4.1,6.7,,
2014-11-07,14.4,7.2,10.8,0.0,2.3,,
2014-11-08,12.8,3.9,8.35,0.0,0.8,,
2014-11-09,13.3,7.8,10.55,5.1,3.0,,
2014-11-10,11.1,5.6,8.35,0.0,3.9,,
2014-11-11,7.8,1.1,4.45,0.0,7.7,,
2014-11-12,6.7,0.0,3.35,0.0,7.6,,
2014-11-13,7.2,0.6,3.9,0.0,4.7,,
2014-11-14,7.2,-2.1,2.55,0.0,4.5,,
2014-11-15,8.3,-1.6,3.3500000000000005,0.0,4.2,,
2014-11-16,9.4,-2.1,3.6500000000000004,0.0,4.2,,
2014-11-17,10.6,-2.1,4.25,0.0,1.9,,
2014-11-18,7.2,-0.5,3.35,0.0,0.9,,
2014-11-19,11.1,2.2,6.65,0.0,1.9,,
2014-11-20,11.1,5.6,8.35,3.6,2.1,,
2014-11-21,11.1,8.3,9.7,15.2,4.7,,
2014-11-22,9.4,6.7,8.05,0.5,4.7,,
2014-11-23,12.8,5.6,9.2,11.9,5.1,,
2014-11-24,11.7,4.4,8.05,1.3,3.8,,
2014-11-25,13.9,9.4,11.65,18.3,4.5,,
2014-11-26,15.0,12.2,13.6,0.3,3.9,,
2014-11-27,14.4,11.7,13.05,3.3,6.6,,
2014-11-28,12.8,3.3,8.05,34.3,5.8,,
2014-11-29,4.4,-4.3,0.050000000000000266,3.6,5.3,,
2014-11-30,2.8,-4.9,-1.0500000000000003,0.0,4.4,,
2014-12-01,4.4,-3.2,0.6000000000000001,0.0,2.2,,
2014-12-02,5.6,-3.2,1.1999999999999997,0.0,5.7,,
2014-12-03,10.0,0.0,5.0,0.0,3.6,,
2014-12-04,8.3,3.9,6.1000000000000005,0.8,1.1,,
2014-12-05,12.8,6.7,9.75,3.0,3.1,,
2014-12-06,11.7,7.8,9.75,7.4,3.6,,
2014-12-07,14.4,6.1,10.25,0.0,2.8,,
2014-12-08,14.4,8.9,11.65,9.1,4.2,,
2014-12-09,16.1,10.6,13.350000000000001,9.9,5.1,,
2014-12-10,18.9,10.0,14.45,13.0,6.7,,
2014-12-11,14.4,8.3,11.350000000000001,6.9,6.4,,
2014-12-12,11.1,7.2,9.15,0.0,3.7,,
2014-12-13,10.0,3.9,6.95,0.0,1.1,,
2014-12-14,12.8,1.7,7.25,0.0,3.5,,
2014-12-15,12.2,6.7,9.45,0.0,5.9,,
2014-12-16,10.0,8.3,9.15,0.0,4.0,,
2014-12-17,8.9,6.1,7.5,2.8,1.6,,
2014-12-18,9.4,6.7,8.05,13.0,3.1,,
2014-12-19,11.1,7.2,9.15,3.0,4.3,,
2014-12-20,12.8,6.7,9.75,19.6,5.5,,
2014-12-21,12.8,10.0,11.4,0.0,5.2,,
2014-12-22,10.6,6.1,8.35,0.0,1.5,,
2014-12-23,12.2,5.0,8.6,20.6,3.8,,
2014-12-24,7.2,3.9,5.55,5.3,1.8,,
2014-12-25,7.8,2.8,5.3,0.0,2.2,,
2014-12-26,5.6,1.7,3.65,0.0,1.2,,
2014-12-27,9.4,4.4,6.9,3.3,4.9,,
2014-12-28,6.7,2.8,4.75,4.1,1.8,,
2014-12-29,6.1,0.6,3.3499999999999996,0.0,4.3,,
2014-12-30,3.3,-2.1,0.5999999999999999,0.0,3.6,,
2014-12-31,3.3,-2.7,0.2999999999999998,0.0,3.0,,
2015-01-01,5.6,-3.2,1.1999999999999997,0.0,1.2,,
2015-01-02,5.6,0.0,2.8,1.5,2.3,,
2015-01-03,5.0,1.7,3.35,0.0,1.7,,
2015-01-04,10.6,3.3,6.949999999999999,10.2,4.5,,
2015-01-05,12.2,9.4,10.8,8.1,6.4,,
2015-01-06,12.2,6.1,9.149999999999999,0.0,1.3,,
2015-01-07,7.8,5.6,6.699999999999999,0.0,1.6,,
2015-01-08,7.8,1.7,4.75,0.0,2.6,,
2015-01-09,10.0,3.3,6.65,0.3,0.6,,
2015-01-10,7.8,6.1,6.949999999999999,5.8,0.5,,
2015-01-11,9.4,7.2,8.3,1.5,1.1,,
2015-01-12,11.1,4.4,7.75,0.0,1.6,,
2015-01-13,9.4,2.8,6.1,0.0,2.7,,
2015-01-14,6.1,0.6,3.3499999999999996,0.0,2.8,,
2015-01-15,7.8,1.1,4.45,9.7,3.2,,
2015-01-16,11.7,5.6,8.649999999999999,0.0,4.5,,
2015-01-17,13.3,3.3,8.3,26.2,2.8,,
2015-01-18,13.9,7.2,10.55,21.3,6.6,,
2015-01-19,10.0,6.1,8.05,0.5,2.8,,
2015-01-20,10.0,3.3,6.65,0.0,3.0,,
2015-01-21,7.2,-0.5,3.35,0.0,1.3,,
2015-01-22,9.4,6.1,7.75,0.8,1.3,,
2015-01-23,12.2,8.3,10.25,5.8,2.6,,
2015-01-24,14.4,11.1,12.75,0.5,3.3,,
2015-01-25,17.2,7.2,12.2,0.0,1.4,,
2015-01-26,16.1,6.1,11.100000000000001,0.0,2.2,,
2015-01-27,11.1,8.3,9.7,0.8,2.0,,
2015-01-28,12.2,5.0,8.6,0.0,1.8,,
2015-01-29,12.2,3.3,7.75,0.0,2.9,,
2015-01-30,8.3,1.1,4.7,0.0,0.8,,
2015-01-31,7.2,3.3,5.25,0.0,1.9,,
2015-02-01,9.4,4.4,6.9,1.5,2.6,,
2015-02-02,11.1,5.0,8.05,7.4,4.0,,
2015-02-03,10.0,5.6,7.8,1.3,1.9,,
2015-02-04,10.6,4.4,7.5,8.4,1.7,,
2015-02-05,13.3,8.3,10.8,26.2,4.6,,
2015-02-06,14.4,10.0,12.2,17.3,4.5,,
2015-02-07,12.2,9.4,10.8,23.6,4.6,,
2015-02-08,15.0,8.3,11.65,3.6,3.9,,
2015-02-09,13.3,8.3,10.8,6.1,2.5,,
2015-02-10,12.8,8.3,10.55,0.3,4.0,,
2015-02-11,12.8,5.6,9.2,0.0,1.0,,
2015-02-12,16.7,9.4,13.05,1.0,2.1,,
2015-02-13,15.6,6.7,11.15,0.0,1.7,,
2015-02-14,14.4,6.7,10.55,0.3,2.9,,
2015-02-15,12.2,3.9,8.049999999999999,0.0,4.8,,
2015-02-16,15.0,5.6,10.3,0.0,6.6,,
2015-02-17,16.1,4.4,10.25,0.0,4.0,,
2015-02-18,12.2,4.4,8.3,0.0,2.6,,
2015-02-19,10.6,8.3,9.45,4.6,2.2,,
2015-02-20,11.1,7.2,9.15,0.8,0.9,,
2015-02-21,12.2,5.6,8.899999999999999,0.0,4.5,,
2015-02-22,11.7,3.3,7.5,0.0,4.2,,
2015-02-23,12.8,0.6,6.7,0.0,1.4,,
2015-02-24,11.1,2.2,6.65,0.0,1.5,,
2015-02-25,10.0,6.7,8.35,4.1,1.0,,
2015-02-26,11.7,7.8,9.75,9.4,1.4,,
2015-02-27,10.0,6.7,8.35,18.3,4.0,,
2015-02-28,12.2,3.3,7.75,0.0,5.1,,
2015-03-01,11.1,1.1,6.1,0.0,2.2,,
2015-03-02,11.1,4.4,7.75,0.0,4.8,,
2015-03-03,10.6,0.0,5.3,0.0,2.1,,
2015-03-04,12.8,-0.5,6.15,0.0,1.8,,
2015-03-05,13.3,2.8,8.05,0.0,1.3,,
2015-03-06,15.0,3.3,9.15,0.0,1.4,,
2015-03-07,16.7,3.9,10.299999999999999,0.0,2.7,,
2015-03-08,17.2,3.9,10.549999999999999,0.0,1.7,,
2015-03-09,14.4,4.4,9.4,0.0,1.8,,
2015-03-10,13.3,5.0,9.15,0.8,2.6,,
2015-03-11,14.4,8.9,11.65,2.5,3.1,,
2015-03-12,17.8,9.4,13.600000000000001,0.0,3.2,,
2015-03-13,17.2,7.8,12.5,2.0,2.2,,
2015-03-14,13.9,9.4,11.65,17.0,3.8,,
2015-03-15,10.6,6.1,8.35,55.9,4.2,,
2015-03-16,13.9,6.1,10.0,1.0,3.0,,
2015-03-17,13.3,4.4,8.850000000000001,0.8,2.6,,
2015-03-18,15.6,7.2,11.4,0.0,2.5,,
2015-03-19,15.6,8.3,11.95,0.0,1.9,,
2015-03-20,13.9,8.9,11.4,4.1,1.9,,
2015-03-21,13.3,8.3,10.8,3.8,4.7,,
2015-03-22,11.7,6.1,8.899999999999999,1.0,2.3,,
2015-03-23,11.1,5.6,8.35,8.1,2.8,,
2015-03-24,12.8,6.1,9.45,7.6,3.9,,
2015-03-25,14.4,7.2,10.8,5.1,4.4,,
2015-03-26,20.6,10.0,15.3,0.0,2.2,,
2015-03-27,18.3,8.9,13.600000000000001,1.0,4.0,,
2015-03-28,15.6,9.4,12.5,0.0,5.7,,
2015-03-29,15.6,8.9,12.25,0.0,3.0,,
2015-03-30,17.8,10.6,14.2,1.8,2.9,,
2015-03-31,12.8,6.1,9.45,1.0,4.2,,
2015-04-01,12.8,5.6,9.2,5.1,3.2,,
2015-04-02,13.3,5.6,9.45,0.0,2.4,,
2015-04-03,11.1,5.0,8.05,1.5,3.6,,
2015-04-04,12.8,3.9,8.35,0.0,1.7,,
2015-04-05,16.7,2.8,9.75,0.0,2.4,,
2015-04-06,13.9,6.7,10.3,1.0,3.5,,
2015-04-07,14.4,6.7,10.55,0.5,3.9,,
2015-04-08,17.2,6.1,11.649999999999999,0.0,1.7,,
2015-04-09,17.2,6.1,11.649999999999999,0.0,2.3,,
2015-04-10,13.9,7.8,10.85,10.9,4.6,,
2015-04-11,11.7,5.6,8.649999999999999,0.0,6.5,,
2015-04-12,13.3,5.6,9.45,0.0,3.6,,
2015-04-13,11.7,3.9,7.8,14.0,3.6,,
2015-04-14,11.7,2.8,7.25,3.3,3.3,,
2015-04-15,13.9,3.3,8.6,0.0,2.4,,
2015-04-16,17.8,3.9,10.85,0.0,3.1,,
2015-04-17,18.9,6.1,12.5,0.0,3.6,,
2015-04-18,18.9,8.3,13.6,0.0,3.9,,
2015-04-19,21.1,8.3,14.700000000000001,0.0,3.6,,
2015-04-20,22.8,7.8,15.3,0.0,2.6,,
2015-04-21,17.2,6.7,11.95,5.6,3.4,,
2015-04-22,15.6,5.0,10.3,0.0,2.3,,
2015-04-23,12.2,6.7,9.45,3.0,4.1,,
2015-04-24,12.2,6.1,9.149999999999999,3.3,5.0,,
2015-04-25,13.3,5.6,9.45,1.3,3.0,,
2015-04-26,15.6,4.4,10.0,0.0,2.7,,
2015-04-27,25.0,10.6,17.8,0.3,2.3,,
2015-04-28,15.6,8.9,12.25,1.8,4.3,,
2015-04-29,16.1,7.2,11.65,0.0,4.7,,
2015-04-30,17.2,7.8,12.5,0.0,2.1,,
2015-05-01,18.3,8.9,13.600000000000001,0.0,3.7,,
2015-05-02,18.3,7.8,13.05,0.0,3.7,,
2015-05-03,20.6,7.8,14.200000000000001,0.0,2.6,,
2015-05-04,17.2,7.2,12.2,0.0,5.2,,
2015-05-05,14.4,7.2,10.8,6.1,5.1,,
2015-05-06,16.7,7.2,11.95,0.0,2.6,,
2015-05-07,20.6,6.1,13.350000000000001,0.0,3.0,,
2015-05-08,23.9,8.3,16.1,0.0,3.0,,
2015-05-09,26.7,9.4,18.05,0.0,2.6,,
2015-05-10,19.4,11.1,15.25,0.0,2.8,,
2015-05-11,13.9,10.0,11.95,0.0,2.5,,
2015-05-12,15.6,10.6,13.1,4.3,3.3,,
2015-05-13,12.2,10.0,11.1,4.1,2.8,,
2015-05-14,17.8,9.4,13.600000000000001,0.3,2.0,,
2015-05-15,20.0,9.4,14.7,0.0,2.8,,
2015-05-16,15.6,11.1,13.35,0.0,3.0,,
2015-05-17,19.4,10.6,15.0,0.0,2.1,,
2015-05-18,25.6,12.2,18.9,0.0,3.0,,
2015-05-19,21.7,11.7,16.7,0.0,2.6,,
2015-05-20,23.3,10.6,16.95,0.0,1.8,,
2015-05-21,25.6,11.7,18.65,0.0,2.1,,
2015-05-22,16.7,11.7,14.2,0.0,3.7,,
2015-05-23,16.1,11.7,13.9,0.0,2.6,,
2015-05-24,17.8,11.1,14.45,0.0,2.7,,
2015-05-25,15.6,11.1,13.35,0.0,2.7,,
2015-05-26,21.7,11.7,16.7,0.0,2.1,,
2015-05-27,24.4,11.7,18.049999999999997,0.0,1.8,,
2015-05-28,27.8,12.2,20.0,0.0,2.1,,
2015-05-29,26.1,12.8,19.450000000000003,0.0,2.5,,
2015-05-30,22.8,10.0,16.4,0.0,2.5,,
2015-05-31,25.0,11.7,18.35,0.0,2.2,,
2015-06-01,16.1,11.7,13.9,4.6,3.4,,
2015-06-02,17.8,12.8,15.3,0.5,5.0,,
2015-06-03,20.0,11.7,15.85,0.0,3.0,,
2015-06-04,22.8,11.7,17.25,0.0,3.9,,
2015-06-05,26.7,12.8,19.75,0.0,4.3,,
2015-06-06,29.4,13.3,21.35,0.0,2.6,,
2015-06-07,31.1,15.6,23.35,0.0,3.2,,
2015-06-08,30.6,14.4,22.5,0.0,3.5,,
2015-06-09,28.9,14.4,21.65,0.0,2.7,,
2015-06-10,25.6,11.1,18.35,0.0,3.0,,
2015-06-11,24.4,11.1,17.75,0.0,3.5,,
2015-06-12,20.0,11.7,15.85,0.0,2.3,,
2015-06-13,23.9,9.4,16.65,0.0,2.6,,
2015-06-14,27.8,11.7,19.75,0.0,3.7,,
2015-06-15,30.0,16.1,23.05,0.0,3.5,,
2015-06-16,22.8,11.1,16.95,0.0,3.0,,
2015-06-17,25.0,11.1,18.05,0.0,3.1,,
2015-06-18,24.4,13.9,19.15,0.0,3.0,,
2015-06-19,23.9,13.3,18.6,0.5,3.2,,
2015-06-20,25.0,12.8,18.9,0.0,4.3,,
2015-06-21,25.6,13.9,19.75,0.0,3.4,,
2015-06-22,25.0,12.8,18.9,0.0,2.4,,
2015-06-23,26.1,11.7,18.9,0.0,2.4,,
2015-06-24,25.6,16.1,20.85,0.0,2.6,,
2015-06-25,30.6,15.6,23.1,0.0,3.0,,
2015-06-26,31.7,17.8,24.75,0.0,4.7,,
2015-06-27,33.3,17.2,25.25,0.0,3.9,,
2015-06-28,28.3,18.3,23.3,0.3,2.1,,
2015-06-29,28.9,17.2,23.049999999999997,0.0,2.7,,
2015-06-30,30.6,15.0,22.8,0.0,3.4,,
2015-07-01,32.2,17.2,24.700000000000003,0.0,4.3,,
2015-07-02,33.9,17.8,25.85,0.0,3.4,,
2015-07-03,33.3,17.8,25.549999999999997,0.0,2.6,,
2015-07-04,33.3,15.0,24.15,0.0,2.9,,
2015-07-05,32.8,16.7,24.75,0.0,2.1,,
2015-07-06,29.4,15.6,22.5,0.0,3.2,,
2015-07-07,27.2,13.9,20.55,0.0,2.4,,
2015-07-08,30.0,14.4,22.2,0.0,1.9,,
2015-07-09,28.9,14.4,21.65,0.0,3.4,,
2015-07-10,21.1,16.7,18.9,0.0,3.7,,
2015-07-11,22.2,16.7,19.45,0.0,3.0,,
2015-07-12,26.1,16.7,21.4,0.0,2.2,,
2015-07-13,25.6,16.1,20.85,0.0,3.1,,
2015-07-14,27.8,16.1,21.950000000000003,0.0,3.3,,
2015-07-15,26.1,14.4,20.25,0.0,3.2,,
2015-07-16,26.1,15.0,20.55,0.0,2.8,,
2015-07-17,27.8,13.9,20.85,0.0,3.3,,
2015-07-18,33.3,17.8,25.549999999999997,0.0,3.4,,
2015-07-19,35.0,17.2,26.1,0.0,3.3,,
2015-07-20,26.7,16.7,21.7,0.0,3.9,,
2015-07-21,23.9,15.0,19.45,0.0,2.4,,
2015-07-22,23.9,13.9,18.9,0.0,2.8,,
2015-07-23,26.1,14.4,20.25,0.0,1.9,,
2015-07-24,22.8,13.3,18.05,0.3,3.8,,
2015-07-25,21.1,14.4,17.75,0.0,2.4,,
2015-07-26,22.2,13.9,18.05,2.0,2.6,,
2015-07-27,23.3,12.2,17.75,0.0,1.9,,
2015-07-28,27.8,13.9,20.85,0.0,3.4,,
2015-07-29,32.2,14.4,23.3,0.0,3.8,,
2015-07-30,34.4,17.2,25.799999999999997,0.0,3.5,,
2015-07-31,34.4,17.8,26.1,0.0,2.6,,
2015-08-01,33.3,15.6,24.45,0.0,3.1,,
2015-08-02,30.6,16.1,23.35,0.0,2.0,,
2015-08-03,28.3,17.2,22.75,0.0,2.3,,
2015-08-04,26.1,14.4,20.25,0.0,2.6,,
2015-08-05,23.3,12.2,17.75,0.0,3.5,,
2015-08-06,25.0,15.0,20.0,0.0,2.9,,
2015-08-07,28.3,15.6,21.95,0.0,3.7,,
2015-08-08,25.0,15.6,20.3,0.0,3.6,,
2015-08-09,28.3,15.0,21.65,0.0,2.2,,
2015-08-10,28.9,16.1,22.5,0.0,2.4,,
2015-08-11,30.0,16.7,23.35,0.0,4.4,,
2015-08-12,28.3,16.7,22.5,7.6,2.7,,
2015-08-13,28.3,15.6,21.95,0.0,2.2,,
2015-08-14,18.3,15.0,16.65,30.5,5.2,,
2015-08-15,21.7,13.9,17.8,0.0,3.7,,
2015-08-16,25.0,14.4,19.7,0.0,3.7,,
2015-08-17,27.2,13.9,20.55,0.0,3.0,,
2015-08-18,30.0,15.0,22.5,0.0,3.0,,
2015-08-19,31.7,16.1,23.9,0.0,2.1,,
2015-08-20,22.8,14.4,18.6,2.0,4.2,,
2015-08-21,22.2,14.4,18.3,0.0,2.6,,
2015-08-22,26.7,12.2,19.45,0.0,2.5,,
2015-08-23,27.8,13.9,20.85,0.0,1.8,,
2015-08-24,23.9,12.2,18.049999999999997,0.0,2.3,,
2015-08-25,25.6,12.2,18.9,0.0,3.4,,
2015-08-26,28.3,13.9,21.1,0.0,1.7,,
2015-08-27,29.4,14.4,21.9,0.0,2.1,,
2015-08-28,23.3,15.6,19.45,0.5,2.6,,
2015-08-29,22.2,13.3,17.75,32.5,5.8,,
2015-08-30,20.0,12.8,16.4,10.2,4.7,,
2015-08-31,18.9,16.1,17.5,0.0,5.8,,
2015-09-01,19.4,13.9,16.65,5.8,5.0,,
2015-09-02,19.4,11.1,15.25,0.0,3.8,,
2015-09-03,18.3,10.6,14.45,0.0,2.9,,
2015-09-04,18.3,10.0,14.15,0.0,2.9,,
2015-09-05,20.6,8.9,14.75,0.3,3.5,,
2015-09-06,16.1,11.7,13.9,5.3,2.4,,
2015-09-07,21.1,13.3,17.200000000000003,0.3,1.5,,
2015-09-08,22.8,13.3,18.05,0.0,2.4,,
2015-09-09,24.4,13.9,19.15,0.0,3.3,,
2015-09-10,25.0,14.4,19.7,0.0,3.6,,
2015-09-11,27.2,15.0,21.1,0.0,3.1,,
2015-09-12,26.7,14.4,20.55,0.0,2.1,,
2015-09-13,20.6,12.8,16.700000000000003,0.5,3.0,,
2015-09-14,16.7,10.6,13.649999999999999,0.0,3.4,,
2015-09-15,17.8,10.0,13.9,0.0,2.8,,
2015-09-16,20.0,10.0,15.0,1.0,1.9,,
2015-09-17,18.3,12.8,15.55,1.8,3.8,,
2015-09-18,19.4,12.8,16.1,0.0,2.6,,
2015-09-19,21.1,14.4,17.75,0.0,4.3,,
2015-09-20,22.8,12.2,17.5,4.1,6.8,,
2015-09-21,18.3,9.4,13.850000000000001,0.0,2.7,,
2015-09-22,18.9,7.8,13.35,0.0,2.0,,
2015-09-23,20.6,8.3,14.450000000000001,0.0,1.8,,
2015-09-24,22.2,11.1,16.65,0.0,2.5,,
2015-09-25,15.6,12.8,14.2,2.0,2.6,,
2015-09-26,18.3,10.0,14.15,0.0,2.7,,
2015-09-27,17.8,7.2,12.5,0.0,3.8,,
2015-09-28,21.1,9.4,15.25,0.0,5.1,,
2015-09-29,21.7,8.9,15.3,0.0,1.9,,
2015-09-30,18.3,10.0,14.15,0.0,1.3,,
2015-10-01,21.1,9.4,15.25,0.0,1.3,,
2015-10-02,15.6,10.0,12.8,0.0,2.9,,
2015-10-03,19.4,11.1,15.25,0.0,4.8,,
2015-10-04,22.8,10.0,16.4,0.0,3.7,,
2015-10-05,23.3,9.4,16.35,0.0,1.6,,
2015-10-06,18.3,10.0,14.15,0.0,2.6,,
2015-10-07,16.1,13.9,15.0,9.9,2.2,,
2015-10-08,18.9,13.3,16.1,0.0,1.1,,
2015-10-09,19.4,12.2,15.799999999999999,0.3,2.6,,
2015-10-10,21.1,13.3,17.200000000000003,28.7,4.7,,
2015-10-11,17.8,10.6,14.2,0.0,2.6,,
2015-10-12,18.3,10.6,14.45,4.6,2.8,,
2015-10-13,16.7,9.4,13.05,1.3,3.2,,
2015-10-14,15.0,10.0,12.5,0.0,5.0,,
2015-10-15,21.1,9.4,15.25,0.0,3.4,,
2015-10-16,20.0,8.9,14.45,0.0,1.3,,
2015-10-17,19.4,11.7,15.549999999999999,0.3,1.3,,
2015-10-18,15.0,12.8,13.9,3.8,2.0,,
2015-10-19,17.2,12.2,14.7,0.3,2.6,,
2015-10-20,17.8,10.6,14.2,0.0,1.8,,
2015-10-21,16.1,8.3,12.200000000000001,0.0,1.3,,
2015-10-22,16.1,8.9,12.5,0.0,2.7,,
2015-10-23,12.8,7.2,10.0,0.0,2.6,,
2015-10-24,15.0,8.9,11.95,0.0,2.9,,
2015-10-25,19.4,8.9,14.149999999999999,8.9,3.4,,
2015-10-26,12.2,10.0,11.1,6.9,4.6,,
2015-10-27,16.1,7.8,11.950000000000001,0.0,1.7,,
2015-10-28,13.9,11.1,12.5,3.3,2.8,,
2015-10-29,15.0,12.2,13.6,1.8,4.7,,
2015-10-30,17.2,11.7,14.45,19.3,6.7,,
2015-10-31,15.6,11.7,13.649999999999999,33.0,7.2,,
2015-11-01,12.2,8.9,10.55,26.2,6.0,,
2015-11-02,11.1,7.2,9.15,0.3,2.8,,
2015-11-03,10.6,5.0,7.8,0.8,1.4,,
2015-11-04,10.0,3.3,6.65,0.0,2.2,,
2015-11-05,11.7,7.8,9.75,1.3,2.3,,
2015-11-06,15.6,8.3,11.95,0.0,2.7,,
2015-11-07,12.2,9.4,10.8,12.7,3.0,,
2015-11-08,11.1,7.8,9.45,6.6,1.8,,
2015-11-09,10.0,5.0,7.5,3.3,1.3,,
2015-11-10,11.1,3.9,7.5,1.3,3.9,,
2015-11-11,11.1,6.1,8.6,1.5,4.6,,
2015-11-12,11.1,5.0,8.05,9.9,5.1,,
2015-11-13,13.3,9.4,11.350000000000001,33.5,6.5,,
2015-11-14,9.4,6.1,7.75,47.2,4.5,,
2015-11-15,8.9,2.2,5.550000000000001,22.4,4.1,,
2015-11-16,8.9,1.7,5.3,2.0,4.0,,
2015-11-17,13.3,6.7,10.0,29.5,8.0,,
2015-11-18,8.9,3.3,6.1,1.5,3.8,,
2015-11-19,8.9,2.8,5.85,2.0,4.2,,
2015-11-20,8.3,0.6,4.45,0.0,4.0,,
2015-11-21,8.9,0.6,4.75,0.0,4.7,,
2015-11-22,10.0,1.7,5.85,0.0,3.1,,
2015-11-23,6.7,0.0,3.35,3.0,1.3,,
2015-11-24,6.7,2.8,4.75,7.1,4.5,,
2015-11-25,7.2,0.0,3.6,0.0,5.7,,
2015-11-26,9.4,-1.0,4.2,0.0,4.3,,
2015-11-27,9.4,-1.6,3.9000000000000004,0.0,3.0,,
2015-11-28,7.2,-2.7,2.25,0.0,1.0,,
2015-11-29,1.7,-2.1,-0.20000000000000007,0.0,0.9,,
2015-11-30,5.6,-3.8,0.8999999999999999,0.5,1.7,,
2015-12-01,10.0,3.9,6.95,12.2,3.5,,
2015-12-02,10.6,4.4,7.5,2.5,5.0,,
2015-12-03,15.6,7.8,11.7,12.7,5.9,,
2015-12-04,10.6,6.1,8.35,2.0,4.7,,
2015-12-05,10.0,6.1,8.05,15.7,4.0,,
2015-12-06,12.8,7.2,10.0,11.2,5.9,,
2015-12-07,11.1,8.3,9.7,27.4,3.4,,
2015-12-08,15.6,10.0,12.8,54.1,6.2,,
2015-12-09,12.2,7.8,10.0,13.5,6.3,,
2015-12-10,11.7,6.1,8.899999999999999,9.4,7.5,,
2015-12-11,9.4,4.4,6.9,0.3,2.8,,
2015-12-12,8.9,5.6,7.25,16.0,5.6,,
2015-12-13,7.8,6.1,6.949999999999999,1.3,6.1,,
2015-12-14,7.8,1.7,4.75,0.0,1.7,,
2015-12-15,6.7,1.1,3.9000000000000004,1.5,2.9,,
2015-12-16,6.1,2.8,4.449999999999999,3.6,2.3,,
2015-12-17,6.7,3.9,5.3,21.8,6.0,,
2015-12-18,8.9,4.4,6.65,18.5,5.1,,
2015-12-19,8.3,2.8,5.550000000000001,0.0,4.1,,
2015-12-20,7.8,4.4,6.1,4.3,6.7,,
2015-12-21,5.6,2.8,4.199999999999999,27.4,4.3,,
2015-12-22,7.8,2.8,5.3,4.6,5.0,,
2015-12-23,5.0,2.8,3.9,6.1,7.6,,
2015-12-24,5.6,2.2,3.9,2.5,4.3,,
2015-12-25,5.0,2.2,3.6,5.8,1.5,,
2015-12-26,4.4,0.0,2.2,0.0,2.5,,
2015-12-27,4.4,1.7,3.0500000000000003,8.6,2.9,,
2015-12-28,5.0,1.7,3.35,1.5,1.3,,
2015-12-29,7.2,0.6,3.9,0.0,2.6,,
2015-12-30,5.6,-1.0,2.3,0.0,3.4,,
2015-12-31,5.6,-2.1,1.7499999999999998,0.0,3.5,,
