date,observed,trend,seasonal,residual
2012-01-15,-1.1,,-8.377738224807654,
2012-01-16,-0.5499999999999999,,-7.445181147182084,
2012-01-17,1.65,,-7.63079758553825,
2012-01-18,-1.4,,-8.387920873209483,
2012-01-19,-1.95,,-7.193765622067932,
2012-01-20,3.05,,-8.415044160880713,
2012-01-21,5.800000000000001,,-7.948879777319073,
2012-01-22,4.45,,-9.601162882341903,
2012-01-23,4.7,,-7.405957402889848,
2012-01-24,6.1,,-5.639564708825921,
2012-01-25,6.65,,-4.804404891474324,
2012-01-26,5.0,,-4.236687996497156,
2012-01-27,2.25,,-5.537920873209485,
2012-01-28,3.65,,-6.0907519234377965,
2012-01-29,6.65,,-5.461436854944645,
2012-01-30,7.2,,-4.920066991930945,
2012-01-31,7.75,,-6.210477950835053,
2012-02-01,6.1,,-6.032487083255145,
2012-02-02,5.0,,-5.9376012385062875,
2012-02-03,8.3,,-6.956779320698068,
2012-02-04,10.3,,-7.402167448551948,
2012-02-05,7.8,,-7.27810352161131,
2012-02-06,8.9,,-7.392989366360167,
2012-02-07,11.7,,-7.196551010195784,
2012-02-08,7.5,,-7.331436854944642,
2012-02-09,9.45,,-6.3834916494651885,
2012-02-10,9.75,,-6.4201126540313975,
2012-02-11,7.25,,-5.472441421154686,
2012-02-12,6.65,,-4.638834115218614,
2012-02-13,5.800000000000001,,-2.154724526177517,
2012-02-14,3.9,,-2.867053293300804,
2012-02-15,3.9,,-3.7948158503784315,
2012-02-16,5.25,,-4.355409457684367,
2012-02-17,7.2,,-4.618514480515417,
2012-02-18,5.3,,-4.939245074122724,
2012-02-19,4.45,,-5.7435829736661015,
2012-02-20,4.75,,-5.542030462250578,
2012-02-21,8.9,,-5.6420304622505775,
2012-02-22,6.4,,-6.2769163069994365,
2012-02-23,5.550000000000001,,-6.929975667730031,
2012-02-24,5.550000000000001,,-6.381756489647839,
2012-02-25,5.0,,-6.581756489647838,
2012-02-26,1.95,,-5.0024870832551445,
2012-02-27,2.25,,-4.155500781885282,
2012-02-28,3.0500000000000003,,-4.740614937136423,
2012-02-29,3.05,,-4.007007631200349,
2012-03-01,3.6,,-4.472395759054229,
2012-03-02,5.3,,-4.740066991930943,
2012-03-03,9.45,,-4.923856946268843,
2012-03-04,8.65,,-4.9069163069994355,
2012-03-05,4.45,,-3.153856946268843,
2012-03-06,3.35,,-3.8172359417026334,
2012-03-07,3.6,,-2.3967793206980668,
2012-03-08,8.1,,-3.689975667730029,
2012-03-09,7.2,,-3.251573841246011,
2012-03-10,6.65,,-4.717235941702633,
2012-03-11,4.75,,-2.969747357227747,
2012-03-12,4.45,,-1.2065966722962411,
2012-03-13,3.1,,-1.9460030649903057,
2012-03-14,4.45,,-1.6000669919309451,
2012-03-15,8.35,,-2.5972816038030904,
2012-03-16,6.4,,-4.442761055857885,
2012-03-17,5.3,,-5.556916306999438,
2012-03-18,2.2,,-4.155181147182088,
2012-03-19,3.05,,-3.968012197410397,
2012-03-20,5.0,,-4.248012197410397,
2012-03-21,5.0,,-4.8979665353099415,
2012-03-22,5.85,,-6.100523612935512,
2012-03-23,6.4,,-5.2666423343967,
2012-03-24,9.15,,-3.8646332019766065,
2012-03-25,7.75,,-2.2144048914743233,
2012-03-26,9.45,,-1.0820761243510357,
2012-03-27,10.55,,-1.664450553574781,
2012-03-28,8.9,,-1.3808889097391652,
2012-03-29,8.05,,-1.1773272659035476,
2012-03-30,7.2,,-1.0742679051729527,
2012-03-31,6.4,,-2.0899300056295735,
2012-04-01,6.65,,-1.9229893663601683,
2012-04-02,10.55,,-2.472213110652406,
2012-04-03,7.5,,-2.754541877775694,
2012-04-04,6.699999999999999,,-2.7562770375930463,
2012-04-05,6.1,,-2.2755007818852833,
2012-04-06,7.199999999999999,,-2.3931263526615383,
2012-04-07,8.9,,-1.9415738412460128,
2012-04-08,14.15,,-1.657464252204918,
2012-04-09,13.05,,-2.3089711015199854,
2012-04-10,13.35,,-1.5453181334834571,
2012-04-11,9.15,,-3.0349984987802605,
2012-04-12,9.75,,-3.6049984987802612,
2012-04-13,9.45,,-3.4911172202414487,
2012-04-14,9.45,,-3.2236742978670163,
2012-04-15,11.65,,-3.154222243072497,
2012-04-16,10.0,,-2.9552268092825424,
2012-04-17,7.2,,-2.3072816038030903,
2012-04-18,10.25,,-1.8454551197848257,
2012-04-19,9.45,,-1.2136286357665607,
2012-04-20,10.0,,-0.4492450741227253,
2012-04-21,12.2,,-1.487692562707199,
2012-04-22,15.8,,-2.9748158503784325,
2012-04-23,15.3,,-3.064496215675237,
2012-04-24,11.95,,-1.8826697316569714,
2012-04-25,12.8,,-1.5854551197848252,
2012-04-26,10.3,,-1.2233090010633632,
2012-04-27,9.7,,0.07491017701882766,
2012-04-28,12.2,,-1.2418021517482956,
2012-04-29,12.25,,0.2412572089822972,
2012-04-30,10.0,,0.4238599487083274,
2012-05-01,8.899999999999999,,2.0730836930005627,
2012-05-02,9.45,,0.9061430537311559,
2012-05-03,9.15,,1.091531181585037,
2012-05-04,9.15,,1.1615311815850369,
2012-05-05,9.15,,1.733266341402388,
2012-05-06,11.4,,2.491165884781382,
2012-05-07,15.0,,1.1926727340964505,
2012-05-08,13.85,,1.54066360167636,
2012-05-09,10.0,,2.1048188528179117,
2012-05-10,9.15,,2.0012572089822958,
2012-05-11,11.35,,2.282307437292798,
2012-05-12,15.55,,3.1287457934571816,
2012-05-13,17.5,,2.1921247888909727,
2012-05-14,19.75,,2.9267366610370926,
2012-05-15,16.9,,3.02500150121974,
2012-05-16,14.4,,2.575275473822478,
2012-05-17,12.25,,2.292444423594169,
2012-05-18,11.7,,3.226234377932069,
2012-05-19,13.3,,2.7587914555576396,
2012-05-20,13.05,,3.010572277475448,
2012-05-21,13.35,,2.4984261587539875,
2012-05-22,10.85,,1.0027183961969115,
2012-05-23,11.65,,0.4539512729092399,
2012-05-24,13.05,,1.1872846062425737,
2012-05-25,15.55,,0.5579695377494229,
2012-05-26,15.55,,2.492809720397823,
2012-05-27,14.45,,2.860480953274536,
2012-05-28,13.35,,3.5117138299868644,
2012-05-29,11.95,,2.9468279852380084,
2012-05-30,15.0,,1.9500699943704276,
2012-05-31,15.0,,3.9763257021329848,
2012-06-01,16.4,,3.1692480765622077,
2012-06-02,14.75,,3.539430724964034,
2012-06-03,13.3,,2.972992368799649,
2012-06-04,10.85,,4.269887345968598,
2012-06-05,10.8,,6.037558578845313,
2012-06-06,11.1,,6.7696133733658606,
2012-06-07,12.5,,7.133220679301934,
2012-06-08,11.65,,6.212764058297369,
2012-06-09,12.75,,5.455640770626135,
2012-06-10,14.45,,4.267512916744857,
2012-06-11,16.65,,3.9652298117220255,
2012-06-12,15.55,,3.531713829986864,
2012-06-13,13.6,,2.6801613185713378,
2012-06-14,13.6,,4.078608807155813,
2012-06-15,15.8,,5.544225245511978,
2012-06-16,18.05,,3.426280040032526,
2012-06-17,15.3,,4.4434489898042155,
2012-06-18,13.6,,4.693175017201476,
2012-06-19,14.7,,5.089156752361292,
2012-06-20,17.2,,3.505321135922937,
2012-06-21,17.799999999999997,,4.71997867016951,
2012-06-22,12.8,,5.735823419027958,
2012-06-23,12.5,,6.086554012635264,
2012-06-24,14.4,,6.4544535560142595,
2012-06-25,15.25,,7.854727528617001,
2012-06-26,14.45,,7.571942140489147,
2012-06-27,15.85,,7.75783255144805,
2012-06-28,16.95,,8.310115656470884,
2012-06-29,18.35,,8.512627071995999,
2012-06-30,16.65,,9.729522049164949,
2012-07-01,16.1,,12.112764058297367,
2012-07-02,15.3,,10.078837117658098,
2012-07-03,14.45,,7.033357665603304,
2012-07-04,15.0,,5.782946706699194,
2012-07-05,17.5,,6.156782323137552,
2012-07-06,18.05,,8.25561793957591,
2012-07-07,19.75,,8.123426158753988,
2012-07-08,21.35,,8.81774122724714,
2012-07-09,18.9,,8.81842615875399,
2012-07-10,17.5,,6.873768624507414,
2012-07-11,20.55,,7.697672734096454,
2012-07-12,19.450000000000003,,7.815001501219744,
2012-07-13,18.6,,7.803631638206042,
2012-07-14,20.0,,8.242261775192343,
2012-07-15,16.1,11.234109589041093,7.710663601676362,-2.8447731907174543
2012-07-16,19.700000000000003,11.2386301369863,10.189933008069056,-1.7285631450553538
2012-07-17,18.35,11.248493150684931,6.885366798023394,0.21614005129167602
2012-07-18,17.75,11.246986301369862,6.312307437292798,0.1907062613373398
2012-07-19,19.7,11.252328767123286,7.970115656470884,0.47755557640582946
2012-07-20,16.65,11.260684931506846,5.3420334646900605,0.047281603803091876
2012-07-21,18.9,11.253013698630136,6.387467254644398,1.2595190467254644
2012-07-22,16.4,11.24082191780822,5.536690998936637,-0.3775129167448572
2012-07-23,15.0,11.229315068493152,5.637695565146681,-1.8670106336398336
2012-07-24,17.75,11.2186301369863,6.834910177018829,-0.3035403140051294
2012-07-25,19.75,11.214794520547946,7.497786889347596,1.0374185901044584
2012-07-26,19.200000000000003,11.207945205479453,8.308882779758557,-0.3168279852380067
2012-07-27,16.4,11.212602739726027,6.835640770626134,-1.6482435103521622
2012-07-28,17.75,11.223150684931506,6.810891912178646,-0.2840425971101519
2012-07-29,18.9,11.226164383561644,8.022033464690063,-0.34819784825170785
2012-07-30,16.35,11.22082191780822,6.870252642772252,-1.7410745605804703
2012-07-31,18.35,11.21931506849315,7.753083693000565,-0.6223987614937139
2012-08-01,18.6,11.21945205479452,6.905869081128419,0.47467886407706317
2012-08-02,17.75,11.225479452054795,6.523312003502847,0.0012085444423579617
2012-08-03,20.0,11.234657534246574,8.85491017701883,-0.08956771126540453
2012-08-04,25.3,11.224109589041094,11.638471820854447,2.4374185901044605
2012-08-05,25.85,11.211917808219175,10.34075492587728,4.297327265903547
2012-08-06,21.95,11.214246575342463,9.324362231813351,1.4113911928441851
2012-08-07,18.05,11.212739726027394,7.739293738662666,-0.9020334646900592
2012-08-08,18.6,11.203561643835613,7.538837117658101,-0.14239876149371256
2012-08-09,19.4,11.200410958904106,8.45249008569463,-0.25290104459873675
2012-08-10,18.9,11.188219178082187,8.217147619941203,-0.5053667980233918
2012-08-11,20.8,11.178904109589036,10.132855382498285,-0.5117594920873199
2012-08-12,22.8,11.17356164383561,9.679841683868146,1.946596672296245
2012-08-13,22.8,11.172739726027391,8.844179583411524,2.7830806905610856
2012-08-14,21.4,11.181917808219174,8.270891912178646,1.9471902796021787
2012-08-15,23.9,11.193972602739722,8.914270907612439,3.791756489647838
2012-08-16,26.35,11.20383561643835,10.858197848251708,4.287966535309943
2012-08-17,24.45,11.214520547945202,10.122307437292802,3.113172014761995
2012-08-18,18.05,11.215342465753421,8.169476387064492,-1.3348188528179126
2012-08-19,19.15,11.219726027397257,8.264955839119283,-0.33468186651654186
2012-08-20,20.3,11.223561643835614,7.3447731907174605,1.731665165446926
2012-08-21,18.3,11.227397260273971,6.290480953274535,0.7821217864514942
2012-08-22,17.75,11.215205479452052,7.123585976105584,-0.5887914555576366
2012-08-23,17.5,11.212191780821914,7.321302871082756,-1.0334946519046708
2012-08-24,16.1,11.213013698630133,6.386188715831615,-1.499202414461747
2012-08-25,18.9,11.216849315068492,7.58513848752111,0.09801219741039624
2012-08-26,16.65,11.222191780821916,7.766964971539377,-2.339156752361294
2012-08-27,18.6,11.235890410958904,8.694453556014263,-1.3303439669731656
2012-08-28,17.5,11.247260273972602,6.837604240945769,-0.5848645149183707
2012-08-29,18.05,11.258630136986302,7.016097391630701,-0.2247275286170014
2012-08-30,17.8,11.275479452054793,6.095138487521111,0.4293820604240972
2012-08-31,16.4,11.301369863013697,5.909522049164948,-0.8108919121786462
2012-09-01,16.15,11.312739726027397,6.290617939575904,-1.4533576656033027
2012-09-02,15.55,11.305068493150685,5.994407893913804,-1.7494763870644885
2012-09-03,17.8,11.29958904109589,6.113357665603305,0.38705329330080573
2012-09-04,17.75,11.3086301369863,5.89340332770376,0.5479665353099392
2012-09-05,18.9,11.316164383561643,6.83810652405079,0.745729092387565
2012-09-06,21.35,11.329863013698633,8.931987802589603,1.0881491837117654
2012-09-07,22.75,11.326712328767124,8.913083693000564,2.510203978232312
2012-09-08,19.15,11.326027397260274,6.611074560580472,1.2128980421592521
2012-09-09,16.4,11.323835616438357,5.608791455557638,-0.5326270719959965
2012-09-10,15.85,11.333698630136986,5.602490085694625,-1.0861887158316117
2012-09-11,14.45,11.352739726027398,6.977467254644397,-3.8802069806717956
2012-09-12,16.1,11.373150684931508,5.952216113091885,-1.2253667980233915
2012-09-13,19.75,11.38986301369863,6.328974103959464,2.0311628823419063
2012-09-14,18.6,11.398904109589042,6.978974103959465,0.2221217864514946
2012-09-15,16.65,11.401917808219178,5.842353099393254,-0.5942709076124331
2012-09-16,16.9,11.404931506849318,5.372444423594169,0.12262406955651173
2012-09-17,19.75,11.42027397260274,5.664042597110153,2.6656834302871077
2012-09-18,19.75,11.43178082191781,5.639248076562207,2.6789711015199833
2012-09-19,17.799999999999997,11.439315068493151,6.116736661037091,0.24394827046975465
2012-09-20,14.7,11.442328767123287,5.044773190717457,-1.7871019578407452
2012-09-21,14.45,11.44,4.608654469256272,-1.5986544692562719
2012-09-22,15.55,11.43767123287671,4.040206980671797,0.07212178645149425
2012-09-23,14.7,11.430136986301369,2.5565996747357222,0.7132633389629084
2012-09-24,15.55,11.437808219178082,2.9371476199412014,1.175044160880717
2012-09-25,15.25,11.443150684931508,2.91513848752111,0.891710827547382
2012-09-26,14.4,11.44232876712329,2.079019766059923,0.8786514668167884
2012-09-27,16.4,11.451369863013698,2.492398761493713,2.456231375492588
2012-09-28,18.6,11.465068493150683,3.6718964783886903,3.4630350284606277
2012-09-29,16.4,11.480410958904109,1.8988371176580956,3.020751923437794
2012-09-30,14.45,11.50027397260274,1.6127183961969085,1.3370076312003512
2012-10-01,16.1,11.516986301369862,1.6937229624069556,2.889290736223184
2012-10-02,13.9,11.51931506849315,0.7780608619503337,1.602624069556517
2012-10-03,13.35,11.532328767123287,1.060891912178644,0.7567793206980684
2012-10-04,13.6,11.547397260273973,1.6260517295302421,0.42655101019578434
2012-10-05,15.3,11.563424657534245,3.2893850628635755,0.44719027960218005
2012-10-06,15.85,11.570273972602738,4.403220679301932,-0.12349465190467068
2012-10-07,15.85,11.564109589041093,2.9183804966535307,1.3675099143053755
2012-10-08,14.45,11.551917808219175,1.5373302683430297,1.360751923437795
2012-10-09,12.5,11.541232876712327,-0.14472452617751894,1.1034916494651923
2012-10-10,10.25,11.537397260273972,-0.5424414211546877,-0.7449558391192839
2012-10-11,10.55,11.538219178082194,0.14134853318321133,-1.1295677112654048
2012-10-12,11.4,11.528219178082193,0.14162250578595098,-0.26984168386814317
2012-10-13,13.9,11.5213698630137,0.9764626884343528,1.402167448551948
2012-10-14,15.55,11.519041095890412,0.711805154187777,3.319153749921812
2012-10-15,14.15,11.51219178082192,0.33125720898229705,2.3065510101957827
2012-10-16,12.2,11.508356164383564,0.5138142866078668,0.17782954900856884
2012-10-17,10.25,11.514520547945208,-0.424359229373869,-0.8401613185713395
2012-10-18,12.25,11.511643835616441,0.5059147432288715,0.23244142115468724
2012-10-19,12.2,11.516849315068498,0.5011202226809262,0.18203046225057506
2012-10-20,8.6,11.519863013698636,-1.8203866266341429,-1.0994763870644935
2012-10-21,8.05,11.512328767123295,-1.8201583161318602,-1.6421704509914339
2012-10-22,5.55,11.497945205479457,-2.465135485081632,-3.4828097203978254
2012-10-23,8.35,11.485753424657538,-2.7431263526615415,-0.3926270719959972
2012-10-24,8.899999999999999,11.490273972602743,-2.9239026083693025,0.33362863576655766
2012-10-25,9.2,11.494109589041098,-1.8875099143053748,-0.40659967473572434
2012-10-26,9.15,11.505479452054796,-2.6372359417026354,0.2817564896478393
2012-10-27,11.9,11.512465753424658,-1.077966535309941,1.465500781885283
2012-10-28,12.2,11.512465753424658,-0.7280121974103984,1.4155464439857393
2012-10-29,12.8,11.507123287671234,-0.6941309188715858,1.9870076312003522
2012-10-30,13.6,11.503287671232878,-0.046414023894416456,2.1431263526615387
2012-10-31,13.35,11.508493150684933,-0.334039594670672,2.175546443985739
2012-11-01,12.8,11.520000000000001,-0.2373272659035481,1.5173272659035475
2012-11-02,12.8,11.537534246575342,-1.0086058047163327,2.2710715581409913
2012-11-03,13.35,11.56191780821918,-1.0947245261775207,2.8828067179583403
2012-11-04,15.3,11.592465753424658,-0.7962313754925883,4.503765622067931
2012-11-05,11.4,11.61986301369863,-0.9967336585976112,0.7768706448989813
2012-11-06,9.75,11.622191780821918,-1.245226809282542,-0.6269649715393761
2012-11-07,8.049999999999999,11.626027397260275,-2.6806149371364243,-0.8954124601238518
2012-11-08,5.55,11.643561643835616,-4.43796653530994,-1.6555951085256764
2012-11-09,5.0,11.667123287671233,-4.626870644898981,-2.040252642772252
2012-11-10,3.6,11.690000000000001,-5.277418590104461,-2.8125814098955404
2012-11-11,5.0,11.696164383561646,-5.641847813848752,-1.0543165697128938
2012-11-12,9.45,11.686986301369863,-4.136003064990305,1.8990167636204411
2012-11-13,9.45,11.668630136986302,-3.947053293300807,1.7284231563145047
2012-11-14,8.05,11.658082191780819,-6.078377494214049,2.4702953024332306
2012-11-15,6.1,11.665068493150685,-6.360751923437794,0.7956834302871094
2012-11-16,5.800000000000001,11.671095890410959,-6.829930005629574,0.9588341152186164
2012-11-17,9.15,11.677123287671233,-4.869838681428661,2.3427153937574285
2012-11-18,8.05,11.68027397260274,-4.989610370926377,1.359336398323638
2012-11-19,10.8,11.683972602739724,-3.7265053480953254,2.8425327453556024
2012-11-20,9.15,11.680136986301369,-5.081345530743729,2.5512085444423604
2012-11-21,6.1000000000000005,11.675479452054793,-6.017738224807655,0.4422587727528624
2012-11-22,5.85,11.66945205479452,-6.303126352661537,0.4836742978670161
2012-11-23,7.75,11.66876712328767,-4.821071558140989,0.9023044348533187
2012-11-24,6.4,11.664246575342466,-5.635729092387565,0.3714825170450995
2012-11-25,4.7,11.661232876712328,-4.653445987364734,-2.307786889347594
2012-11-26,5.55,11.65972602739726,-3.6234003252642775,-2.486325702132983
2012-11-27,5.85,11.662739726027398,-2.8794733846250087,-2.93326634140239
2012-11-28,5.800000000000001,11.664931506849317,-5.402989366360169,-0.46194214048914795
2012-11-29,10.3,11.65958904109589,-6.670934571839618,5.311345530743729
2012-11-30,11.4,11.66027397260274,-6.023993932570214,5.763719959967474
2012-12-01,10.8,11.663287671232878,-5.205044160880717,4.34175648964784
2012-12-02,7.75,11.667808219178083,-7.95554644398574,4.037738224807657
2012-12-03,8.3,11.676986301369864,-7.3412085444423605,3.9642222430724976
2012-12-04,9.45,11.69972602739726,-6.963719959967475,4.713993932570214
2012-12-05,6.65,11.726438356164383,-7.705226809282544,2.628788453118161
2012-12-06,6.65,11.74931506849315,-7.614587539876151,2.5152724713830015
2012-12-07,5.55,11.763013698630138,-8.474496215675236,2.2614825170450983
2012-12-08,5.0,11.77684931506849,-7.75107155814099,0.9742222430724992
2012-12-09,4.75,11.785342465753425,-7.175866078688935,0.1405236129355094
2012-12-10,6.4,11.791506849315068,-4.596094389191219,-0.795412460123849
2012-12-11,6.699999999999999,11.786986301369863,-5.997098955401264,0.9101126540314004
2012-12-12,5.550000000000001,11.788630136986303,-6.830706261337339,0.5920761243510366
2012-12-13,5.25,11.796301369863015,-6.016824982798525,-0.5294763870644896
2012-12-14,3.6,11.803150684931508,-6.389108087821357,-1.8140425971101513
2012-12-15,2.5,11.808630136986302,-5.2790624257209,-4.029567711265402
2012-12-16,5.0,11.809452054794523,-5.478057859510853,-1.3313941952836696
2012-12-17,5.0,11.82164383561644,-6.313902608369301,-0.5077412272471387
2012-12-18,2.25,11.834520547945207,-7.502304434853319,-2.0822161130918877
2012-12-19,5.0,11.839178082191783,-7.0558660786889345,0.21668799649715176
2012-12-20,3.9,11.833150684931507,-6.574085256771125,-1.3590654281603811
2012-12-21,3.3000000000000003,11.829315068493152,-5.292532745355602,-3.2367823231375494
2012-12-22,6.1000000000000005,11.845342465753426,-4.6481035216113105,-1.0972389441421146
2012-12-23,5.25,11.86205479452055,-5.037281603803091,-1.5747731907174582
2012-12-24,4.199999999999999,11.87054794520548,-7.526505348095328,-0.1440425971101531
2012-12-25,4.199999999999999,11.88041095890411,-8.067007631200351,0.38659667229624084
2012-12-26,5.0,11.891780821917807,-8.543080690561078,1.651299868643271
2012-12-27,5.55,11.90013698630137,-7.018331832113592,0.6681948458122227
2012-12-28,6.1000000000000005,11.917671232876712,-6.924130918871584,1.1064596859948725
2012-12-29,4.15,11.933561643835615,-8.678423156314503,0.8948615124788883
2012-12-30,2.2,11.95794520547945,-9.517372928004002,-0.24057227747544907
2012-12-31,1.1,11.982328767123288,-9.991893475949208,-0.8904352911740805
2013-01-01,1.1,12.00054794520548,-10.168194845812222,-0.7323530993932579
2013-01-02,2.5,12.01958904109589,-8.144998498780259,-1.3745905423156302
2013-01-03,2.5,12.027260273972601,-8.80335466316382,-0.7239056108087816
2013-01-04,6.1,12.030273972602739,-6.959975667730031,1.029701695127292
2013-01-05,5.550000000000001,12.034794520547944,-5.964039594670668,-0.5207549258772755
2013-01-06,5.0,12.032465753424656,-6.7814368549446415,-0.25102889848001464
2013-01-07,7.2,12.028767123287668,-5.865546443985739,1.0367793206980709
2013-01-08,8.649999999999999,12.0386301369863,-5.38472452617752,1.996094389191219
2013-01-09,5.85,12.04013698630137,-6.05266973165697,-0.1374672546443998
2013-01-10,1.35,12.031780821917808,-6.434998498780258,-4.24678232313755
2013-01-11,0.0,12.023287671232877,-6.353445987364734,-5.669841683868143
2013-01-12,-0.55,12.023287671232877,-7.538834115218615,-5.034453556014263
2013-01-13,-1.1,12.024109589041096,-7.6239482704697545,-5.500161318571341
2013-01-14,0.5499999999999998,12.03780821917808,-8.377738224807654,-3.110069994370427
2013-01-15,3.0500000000000003,12.051506849315068,-7.445181147182084,-1.556325702132983
2013-01-16,1.1,12.052191780821918,-7.63079758553825,-3.321394195283668
2013-01-17,0.55,12.058356164383563,-8.387920873209483,-3.120435291174079
2013-01-18,1.1,12.06068493150685,-7.193765622067932,-3.7669193094389186
2013-01-19,0.25,12.067534246575343,-8.415044160880713,-3.4024900856946303
2013-01-20,1.35,12.066027397260276,-7.948879777319073,-2.7671476199412037
2013-01-21,0.2500000000000001,12.075068493150688,-9.601162882341903,-2.223905610808785
2013-01-22,0.7999999999999999,12.095616438356165,-7.405957402889848,-3.889659035466317
2013-01-23,4.7,12.109315068493151,-5.639564708825921,-1.7697503596672304
2013-01-24,4.15,12.115342465753425,-4.804404891474324,-3.1609375742791013
2013-01-25,6.699999999999999,12.125068493150689,-4.236687996497156,-1.1883804966535338
2013-01-26,6.1000000000000005,12.1327397260274,-5.537920873209485,-0.4948188528179154
2013-01-27,4.75,12.129726027397265,-6.0907519234377965,-1.2889741039594682
2013-01-28,4.699999999999999,12.130410958904113,-5.461436854944645,-1.9689741039594688
2013-01-29,6.65,12.138082191780827,-4.920066991930945,-0.5680151998498815
2013-01-30,7.800000000000001,12.135753424657539,-6.210477950835053,1.8747245261775154
2013-01-31,8.3,12.131232876712332,-6.032487083255145,2.2012542065428136
2013-02-01,8.35,12.126712328767127,-5.9376012385062875,2.1608889097391604
2013-02-02,4.449999999999999,12.127534246575346,-6.956779320698068,-0.7207549258772783
2013-02-03,5.85,12.118356164383563,-7.402167448551948,1.1338112841683845
2013-02-04,8.65,12.109178082191782,-7.27810352161131,3.8189254394195284
2013-02-05,8.35,12.11,-7.392989366360167,3.6329893663601673
2013-02-06,8.35,12.12219178082192,-7.196551010195784,3.424359229373864
2013-02-07,6.35,12.129726027397261,-7.331436854944642,1.5517108275473808
2013-02-08,5.0,12.135068493150683,-6.3834916494651885,-0.7515768436854948
2013-02-09,6.3500000000000005,12.138904109589038,-6.4201126540313975,0.6312085444423596
2013-02-10,5.3,12.135890410958902,-5.472441421154686,-1.3634489898042164
2013-02-11,6.3500000000000005,12.13054794520548,-4.638834115218614,-1.1417138299868652
2013-02-12,9.15,12.126712328767121,-2.154724526177517,-0.8219878025896041
2013-02-13,8.3,12.1258904109589,-2.867053293300804,-0.9588371176580961
2013-02-14,7.5,12.112876712328765,-3.7948158503784315,-0.8180608619503333
2013-02-15,9.15,12.102328767123286,-4.355409457684367,1.4030806905610813
2013-02-16,7.5,12.093972602739724,-4.618514480515417,0.024541877775693166
2013-02-17,6.9,12.101643835616436,-4.939245074122724,-0.2623987614937118
2013-02-18,5.85,12.10712328767123,-5.7435829736661015,-0.5135403140051293
2013-02-19,6.15,12.108630136986301,-5.542030462250578,-0.416599674735723
2013-02-20,4.45,12.11712328767123,-5.6420304622505775,-2.0250928254206526
2013-02-21,5.3,12.128630136986299,-6.2769163069994365,-0.5517138299868627
2013-02-22,5.85,12.136986301369863,-6.929975667730031,0.642989366360168
2013-02-23,6.95,12.149999999999999,-6.381756489647839,1.1817564896478405
2013-02-24,6.95,12.150684931506847,-6.581756489647838,1.3810715581409916
2013-02-25,6.949999999999999,12.160547945205478,-5.0024870832551445,-0.2080608619503339
2013-02-26,6.4,12.169726027397259,-4.155500781885282,-1.6142252455119763
2013-02-27,7.2,12.179726027397258,-4.740614937136423,-0.23911109026083555
2013-02-28,9.2,12.188082191780818,-4.007007631200349,1.0189254394195295
2013-03-01,13.05,12.19712328767123,-4.472395759054229,5.325272471382999
2013-03-02,9.45,12.209315068493149,-4.740066991930943,1.9807519234377935
2013-03-03,6.65,12.224520547945204,-4.923856946268843,-0.650663601676361
2013-03-04,6.65,12.243561643835616,-4.9069163069994355,-0.6866453368361798
2013-03-05,7.75,12.25191780821918,-3.153856946268843,-1.3480608619503363
2013-03-06,6.1,12.256575342465753,-3.8172359417026334,-2.3393394007631203
2013-03-07,8.6,12.253561643835615,-2.3967793206980668,-1.256782323137549
2013-03-08,6.949999999999999,12.246849315068491,-3.689975667730029,-1.606873647338463
2013-03-09,6.95,12.239999999999997,-3.251573841246011,-2.0384261587539854
2013-03-10,5.85,12.243835616438355,-4.717235941702633,-1.6765996747357228
2013-03-11,8.35,12.253698630136986,-2.969747357227747,-0.9339512729092396
2013-03-12,11.4,12.267397260273972,-1.2065966722962411,0.33919941202226944
2013-03-13,10.55,12.296301369863015,-1.9460030649903057,0.19970169512729186
2013-03-14,10.55,12.307808219178083,-1.6000669919309451,-0.15774122724713746
2013-03-15,11.65,12.300958904109589,-2.5972816038030904,1.9463226996935021
2013-03-16,7.5,12.30109589041096,-4.442761055857885,-0.3583348345530739
2013-03-17,6.4,12.301095890410961,-5.556916306999438,-0.3441795834115231
2013-03-18,7.8,12.305068493150687,-4.155181147182088,-0.3498873459685994
2013-03-19,7.25,12.294383561643837,-3.968012197410397,-1.0763713642334403
2013-03-20,7.75,12.287397260273973,-4.248012197410397,-0.2893850628635768
2013-03-21,6.1,12.287397260273975,-4.8979665353099415,-1.289430724964034
2013-03-22,5.0,12.297260273972606,-6.100523612935512,-1.196736661037094
2013-03-23,5.55,12.304794520547949,-5.2666423343967,-1.4881521861512494
2013-03-24,6.4,12.303972602739728,-3.8646332019766065,-2.0393394007631214
2013-03-25,10.55,12.300958904109592,-2.2144048914743233,0.46344598736473186
2013-03-26,11.4,12.296438356164387,-1.0820761243510357,0.185637768186649
2013-03-27,10.25,12.289589041095892,-1.664450553574781,-0.37513848752111123
2013-03-28,12.2,12.283561643835618,-1.3808889097391652,1.2973272659035462
2013-03-29,13.05,12.272191780821919,-1.1773272659035476,1.9551354850816298
2013-03-30,12.8,12.260136986301369,-1.0742679051729527,1.6141309188715847
2013-03-31,13.65,12.250136986301369,-2.0899300056295735,3.489793019328205
2013-04-01,12.75,12.243287671232876,-1.9229893663601683,2.4297016951272923
2013-04-02,11.4,12.231095890410959,-2.472213110652406,1.6411172202414472
2013-04-03,12.25,12.223424657534245,-2.754541877775694,2.7811172202414487
2013-04-04,12.2,12.218767123287671,-2.7562770375930463,2.7375099143053743
2013-04-05,11.95,12.213561643835616,-2.2755007818852833,2.0119391380496663
2013-04-06,9.7,12.21041095890411,-2.3931263526615383,-0.11728460624257186
2013-04-07,6.65,12.20890410958904,-1.9415738412460128,-3.6173302683430273
2013-04-08,9.7,12.203561643835616,-1.657464252204918,-0.8460973916306991
2013-04-09,9.15,12.193698630136986,-2.3089711015199854,-0.7347275286169999
2013-04-10,11.95,12.187671232876715,-1.5453181334834571,1.3076469006067413
2013-04-11,9.45,12.190684931506851,-3.0349984987802605,0.2943135672734085
2013-04-12,6.1,12.195342465753427,-3.6049984987802612,-2.490343966973166
2013-04-13,6.949999999999999,12.196027397260277,-3.4911172202414487,-1.7549101770188291
2013-04-14,8.600000000000001,12.187671232876715,-3.2236742978670163,-0.36399693500969743
2013-04-15,9.15,12.17178082191781,-3.154222243072497,0.13244142115468716
2013-04-16,8.6,12.161232876712331,-2.9552268092825424,-0.6060060674297891
2013-04-17,9.45,12.157534246575343,-2.3072816038030903,-0.4002526427722537
2013-04-18,9.2,12.1613698630137,-1.8454551197848257,-1.1159147432288752
2013-04-19,11.35,12.155205479452055,-1.2136286357665607,0.4084231563145049
2013-04-20,11.1,12.146986301369864,-0.4492450741227253,-0.5977412272471393
2013-04-21,9.45,12.148630136986302,-1.487692562707199,-1.2109375742791038
2013-04-22,10.55,12.153972602739728,-2.9748158503784325,1.3708432476387054
2013-04-23,10.85,12.168356164383562,-3.064496215675237,1.7461400512916745
2013-04-24,13.6,12.1713698630137,-1.8826697316569714,3.311299868643271
2013-04-25,14.2,12.169041095890412,-1.5854551197848252,3.6164140238944125
2013-04-26,14.45,12.171232876712327,-1.2233090010633632,3.502076124351035
2013-04-27,12.25,12.173561643835615,0.07491017701882766,0.0015281791455570015
2013-04-28,12.2,12.171369863013698,-1.2418021517482956,1.2704322887345967
2013-04-29,10.3,12.167534246575341,0.2412572089822972,-2.108791455557638
2013-04-30,8.600000000000001,12.155205479452054,0.4238599487083274,-3.9790654281603794
2013-05-01,10.8,12.146164383561644,2.0730836930005627,-3.4192480765622055
2013-05-02,13.65,12.143835616438357,0.9061430537311559,0.6000213298304871
2013-05-03,15.55,12.149178082191781,1.091531181585037,2.3092907362231823
2013-05-04,18.05,12.145205479452056,1.1615311815850369,4.743263338962908
2013-05-05,20.3,12.1313698630137,1.733266341402388,6.435363795583912
2013-05-06,21.4,12.109315068493155,2.491165884781382,6.799519046725462
2013-05-07,15.85,12.106164383561648,1.1926727340964505,2.5511628823419015
2013-05-08,15.25,12.107671232876717,1.54066360167636,1.6016651654469232
2013-05-09,16.4,12.11452054794521,2.1048188528179117,2.180660599236877
2013-05-10,17.75,12.127397260273977,2.0012572089822958,3.6213455307437274
2013-05-11,19.7,12.135753424657539,2.282307437292798,5.281939138049663
2013-05-12,17.8,12.152465753424663,3.1287457934571816,2.5187884531181566
2013-05-13,14.15,12.169178082191785,2.1921247888909727,-0.21130287108275692
2013-05-14,13.05,12.176849315068495,2.9267366610370926,-2.0535859761055866
2013-05-15,13.05,12.184520547945207,3.02500150121974,-2.159522049164946
2013-05-16,16.95,12.186027397260277,2.575275473822478,2.188697128917244
2013-05-17,14.45,12.19369863013699,2.292444423594169,-0.03614305373115867
2013-05-18,13.9,12.198356164383563,3.226234377932069,-1.5245905423156318
2013-05-19,14.45,12.199178082191782,2.7587914555576396,-0.5079695377494224
2013-05-20,14.4,12.207534246575344,3.010572277475448,-0.8181065240507919
2013-05-21,11.95,12.202191780821918,2.4984261587539875,-2.7506179395759065
2013-05-22,9.15,12.19013698630137,1.0027183961969115,-4.042855382498281
2013-05-23,9.45,12.183424657534246,0.4539512729092399,-3.187375930443487
2013-05-24,12.8,12.18027397260274,1.1872846062425737,-0.5675585788453124
2013-05-25,13.9,12.175753424657534,0.5579695377494229,1.1662770375930431
2013-05-26,14.45,12.175068493150686,2.492809720397823,-0.21787821354850978
2013-05-27,13.9,12.181917808219179,2.860480953274536,-1.1423987614937148
2013-05-28,14.45,12.187260273972603,3.5117138299868644,-1.2489741039594682
2013-05-29,12.75,12.1986301369863,2.9468279852380084,-2.3954581222243077
2013-05-30,13.05,12.203287671232875,1.9500699943704276,-1.103357665603302
2013-05-31,15.25,12.194794520547942,3.9763257021329848,-0.9211202226809272
2013-06-01,17.5,12.1886301369863,3.1692480765622077,2.1421217864514928
2013-06-02,16.4,12.18794520547945,3.539430724964034,0.6726240695565151
2013-06-03,16.65,12.17972602739726,2.972992368799649,1.4972816038030894
2013-06-04,19.15,12.163150684931505,4.269887345968598,2.716961969099895
2013-06-05,20.55,12.140410958904107,6.037558578845313,2.3720304622505806
2013-06-06,19.45,12.116986301369861,6.7696133733658606,0.5634003252642774
2013-06-07,17.5,12.094383561643832,7.133220679301934,-1.7276042409457668
2013-06-08,16.700000000000003,12.069452054794517,6.212764058297369,-1.5822161130918833
2013-06-09,15.85,12.049726027397258,5.455640770626135,-1.655366798023393
2013-06-10,16.7,12.031506849315067,4.267512916744857,0.40098023394007587
2013-06-11,15.0,12.022465753424656,3.9652298117220255,-0.9876955651466819
2013-06-12,16.15,12.00876712328767,3.531713829986864,0.6095190467254641
2013-06-13,16.4,12.00054794520548,2.6801613185713378,1.7192907362231815
2013-06-14,16.1,12.006712328767122,4.078608807155813,0.014678864077065867
2013-06-15,17.8,12.018082191780822,5.544225245511978,0.23769256270720085
2013-06-16,18.35,12.0386301369863,3.426280040032526,2.8850898229811763
2013-06-17,19.75,12.044657534246573,4.4434489898042155,3.2618934759492113
2013-06-18,18.3,12.04835616438356,4.693175017201476,1.5584688184149655
2013-06-19,16.4,12.055890410958902,5.089156752361292,-0.745047163320196
2013-06-20,15.0,12.049041095890408,3.505321135922937,-0.5543622318133443
2013-06-21,16.4,12.050547945205476,4.71997867016951,-0.3705266153749882
2013-06-22,18.65,12.061369863013697,5.735823419027958,0.8528067179583436
2013-06-23,18.6,12.07054794520548,6.086554012635264,0.4428980421592579
2013-06-24,17.5,12.08054794520548,6.4544535560142595,-1.0350015012197389
2013-06-25,18.85,12.084246575342464,7.854727528617001,-1.0889741039594636
2013-06-26,18.6,12.084246575342464,7.571942140489147,-1.0561887158316097
2013-06-27,18.9,12.080547945205478,7.75783255144805,-0.9383804966535294
2013-06-28,23.35,12.07753424657534,8.310115656470884,2.9623500969537773
2013-06-29,24.15,12.07821917808219,8.512627071995999,3.55915374992181
2013-06-30,25.55,12.079041095890409,9.729522049164949,3.7414368549446433
2013-07-01,25.0,12.091232876712326,12.112764058297367,0.7960030649903072
2013-07-02,21.95,12.10643835616438,10.078837117658098,-0.2352754738224796
2013-07-03,21.4,12.11780821917808,7.033357665603304,2.2488341152186146
2013-07-04,17.8,12.133835616438354,5.782946706699194,-0.11678232313754755
2013-07-05,18.6,12.143013698630135,6.156782323137552,0.3002039782323145
2013-07-06,19.700000000000003,12.13780821917808,8.25561793957591,-0.6934261587539865
2013-07-07,18.9,12.133287671232875,8.123426158753988,-1.3567138299868642
2013-07-08,20.0,12.129589041095887,8.81774122724714,-0.9473302683430269
2013-07-09,22.5,12.128082191780818,8.81842615875399,1.553491649465192
2013-07-10,18.05,12.127945205479447,6.873768624507414,-0.9517138299868604
2013-07-11,17.5,12.132465753424654,7.697672734096454,-2.3301384875211077
2013-07-12,16.35,12.157671232876709,7.815001501219744,-3.622672734096451
2013-07-13,18.6,12.187260273972601,7.803631638206042,-1.3908919121786418
2013-07-14,20.3,12.211643835616437,8.242261775192343,-0.1539056108087795
2013-07-15,21.1,12.242876712328767,7.710663601676362,1.1464596859948717
2013-07-16,24.700000000000003,12.266438356164384,10.189933008069056,2.2436286357665622
2013-07-17,18.6,12.28095890410959,6.885366798023394,-0.5663257021329837
2013-07-18,20.0,12.293150684931508,6.312307437292798,1.3945418777756942
2013-07-19,20.55,12.303150684931506,7.970115656470884,0.27673365859761123
2013-07-20,19.15,12.313835616438356,5.3420334646900605,1.4941309188715826
2013-07-21,18.35,12.326027397260274,6.387467254644398,-0.3634946519046709
2013-07-22,19.700000000000003,12.339863013698631,5.536690998936637,1.8234459873647353
2013-07-23,22.5,12.355205479452056,5.637695565146681,4.507098955401262
2013-07-24,22.75,12.373561643835618,6.834910177018829,3.541528179145553
2013-07-25,21.950000000000003,12.378219178082194,7.497786889347596,2.073993932570213
2013-07-26,22.75,12.385890410958906,8.308882779758557,2.055226809282537
2013-07-27,19.200000000000003,12.385753424657535,6.835640770626134,-0.021394195283666484
2013-07-28,16.65,12.381232876712328,6.810891912178646,-2.542124788890976
2013-07-29,19.15,12.383424657534245,8.022033464690063,-1.2554581222243097
2013-07-30,19.15,12.394109589041097,6.870252642772252,-0.11436223181335059
2013-07-31,17.5,12.40095890410959,7.753083693000565,-2.6540425971101547
2013-08-01,16.950000000000003,12.39931506849315,6.905869081128419,-2.355184149621566
2013-08-02,16.1,12.394931506849316,6.523312003502847,-2.8182435103521613
2013-08-03,20.3,12.386575342465754,8.85491017701883,-0.9414855194845835
2013-08-04,21.95,12.388082191780821,11.638471820854447,-2.0765540126352686
2013-08-05,22.5,12.37890410958904,10.34075492587728,-0.2196590354663197
2013-08-06,22.25,12.356164383561644,9.324362231813351,0.5694733846250042
2013-08-07,22.5,12.325068493150685,7.739293738662666,2.4356377681866492
2013-08-08,21.35,12.291780821917806,7.538837117658101,1.5193820604240944
2013-08-09,21.35,12.272191780821919,8.45249008569463,0.6253181334834537
2013-08-10,20.3,12.265479452054796,8.217147619941203,-0.1826270719959986
2013-08-11,19.7,12.253424657534246,10.132855382498285,-2.686280040032532
2013-08-12,20.85,12.255616438356165,9.679841683868146,-1.0854581222243098
2013-08-13,21.4,12.262602739726027,8.844179583411524,0.29321767686244726
2013-08-14,21.1,12.264109589041098,8.270891912178646,0.5649984987802572
2013-08-15,19.15,12.269589041095891,8.914270907612439,-2.033859948708331
2013-08-16,22.5,12.273424657534248,10.858197848251708,-0.6316225057859555
2013-08-17,21.4,12.270410958904112,10.122307437292802,-0.9927183961969153
2013-08-18,20.85,12.268082191780826,8.169476387064492,0.41244142115468385
2013-08-19,21.15,12.266575342465755,8.264955839119283,0.6184688184149607
2013-08-20,20.85,12.269589041095891,7.3447731907174605,1.23563776818665
2013-08-21,21.4,12.269452054794522,6.290480953274535,2.840066991930941
2013-08-22,21.95,12.278630136986303,7.123585976105584,2.547783886908112
2013-08-23,20.55,12.278630136986301,7.321302871082756,0.9500669919309432
2013-08-24,20.85,12.274109589041094,6.386188715831615,2.189701695127292
2013-08-25,19.15,12.270273972602737,7.58513848752111,-0.7054124601238492
2013-08-26,20.25,12.264931506849313,7.766964971539377,0.21810352161130986
2013-08-27,21.95,12.267945205479451,8.694453556014263,0.9876012385062847
2013-08-28,21.15,12.277123287671232,6.837604240945769,2.0352724713829975
2013-08-29,21.1,12.280958904109589,7.016097391630701,1.8029437042597118
2013-08-30,21.1,12.281506849315068,6.095138487521111,2.723354663163822
2013-08-31,20.85,12.261643835616438,5.909522049164948,2.678834115218616
2013-09-01,21.7,12.254794520547946,6.290617939575904,3.1545875398761485
2013-09-02,22.5,12.268493150684932,5.994407893913804,4.2370989554012635
2013-09-03,20.85,12.28,6.113357665603305,2.4566423343966974
2013-09-04,19.450000000000003,12.294657534246577,5.89340332770376,1.2619391380496658
2013-09-05,17.8,12.309863013698633,6.83810652405079,-1.3479695377494227
2013-09-06,18.9,12.319863013698633,8.931987802589603,-2.3518508162882377
2013-09-07,20.25,12.327534246575343,8.913083693000564,-0.9906179395759072
2013-09-08,20.55,12.34191780821918,6.611074560580472,1.5970076312003494
2013-09-09,20.0,12.350958904109591,5.608791455557638,2.040249640332771
2013-09-10,20.85,12.35383561643836,5.602490085694625,2.8936742978670162
2013-09-11,25.0,12.349178082191782,6.977467254644397,5.6733546631638205
2013-09-12,20.3,12.346164383561646,5.952216113091885,2.001619503346469
2013-09-13,17.25,12.348356164383564,6.328974103959464,-1.4273302683430273
2013-09-14,18.65,12.345342465753427,6.978974103959465,-0.6743165697128939
2013-09-15,16.65,12.345342465753426,5.842353099393254,-1.5376955651466808
2013-09-16,18.35,12.345342465753426,5.372444423594169,0.6322131106524065
2013-09-17,15.85,12.342191780821917,5.664042597110153,-2.15623437793207
2013-09-18,17.200000000000003,12.342054794520546,5.639248076562207,-0.7813028710827501
2013-09-19,17.8,12.33835616438356,6.116736661037091,-0.6550928254206507
2013-09-20,18.3,12.339999999999998,5.044773190717457,0.9152268092825455
2013-09-21,17.200000000000003,12.343013698630138,4.608654469256272,0.24833183211359344
2013-09-22,15.25,12.3513698630137,4.040206980671797,-1.1415768436854963
2013-09-23,13.6,12.363561643835615,2.5565996747357222,-1.3201613185713374
2013-09-24,13.9,12.362876712328767,2.9371476199412014,-1.4000243322699677
2013-09-25,12.75,12.354520547945206,2.91513848752111,-2.5196590354663164
2013-09-26,12.2,12.352328767123288,2.079019766059923,-2.231348533183211
2013-09-27,12.25,12.344794520547945,2.492398761493713,-2.5871932820416577
2013-09-28,14.2,12.334931506849317,3.6718964783886903,-1.8068279852380082
2013-09-29,12.75,12.321917808219181,1.8988371176580956,-1.470754925877277
2013-09-30,11.95,12.308904109589044,1.6127183961969085,-1.9716225057859529
2013-10-01,11.65,12.302876712328768,1.6937229624069556,-2.346599674735723
2013-10-02,11.1,12.299041095890411,0.7780608619503337,-1.9771019578407452
2013-10-03,11.65,12.29205479452055,1.060891912178644,-1.7029467066991928
2013-10-04,11.7,12.284520547945206,1.6260517295302421,-2.210572277475449
2013-10-05,14.15,12.278493150684932,3.2893850628635755,-1.4178782135485073
2013-10-06,15.3,12.28232876712329,4.403220679301932,-1.3855494464252223
2013-10-07,13.9,12.305890410958904,2.9183804966535307,-1.3242709076124344
2013-10-08,10.85,12.312054794520549,1.5373302683430297,-2.9993850628635785
2013-10-09,10.3,12.315890410958904,-0.14472452617751894,-1.8711658847813841
2013-10-10,11.35,12.312876712328766,-0.5424414211546877,-0.4204352911740785
2013-10-11,12.25,12.317397260273971,0.14134853318321133,-0.2087457934571823
2013-10-12,11.65,12.333424657534247,0.14162250578595098,-0.8250471633201972
2013-10-13,10.85,12.35027397260274,0.9764626884343528,-2.4767366610370924
2013-10-14,9.75,12.361780821917808,0.711805154187777,-3.3235859761055853
2013-10-15,10.3,12.367123287671234,0.33125720898229705,-2.3983804966535303
2013-10-16,10.85,12.37095890410959,0.5138142866078668,-2.0347731907174578
2013-10-17,11.65,12.37095890410959,-0.424359229373869,-0.2965996747357213
2013-10-18,10.0,12.373150684931506,0.5059147432288715,-2.8790654281603776
2013-10-19,9.2,12.365753424657532,0.5011202226809262,-3.666873647338459
2013-10-20,9.2,12.364383561643836,-1.8203866266341429,-1.3439969350096934
2013-10-21,10.0,12.3727397260274,-1.8201583161318602,-0.552581409895539
2013-10-22,10.8,12.367397260273975,-2.465135485081632,0.8977382248076573
2013-10-23,9.45,12.362054794520551,-2.7431263526615415,-0.16892844185901046
2013-10-24,8.05,12.352191780821917,-2.9239026083693025,-1.3782891724526136
2013-10-25,10.0,12.340684931506848,-1.8875099143053748,-0.45317501720147324
2013-10-26,10.0,12.329315068493152,-2.6372359417026354,0.3079208732094836
2013-10-27,11.1,12.31931506849315,-1.077966535309941,-0.1413485331832096
2013-10-28,10.8,12.313972602739726,-0.7280121974103984,-0.7859604053293272
2013-10-29,8.3,12.332876712328769,-0.6941309188715858,-3.3387457934571825
2013-10-30,10.3,12.36027397260274,-0.046414023894416456,-2.0138599487083235
2013-10-31,12.5,12.386164383561644,-0.334039594670672,0.4478752111090283
2013-11-01,14.75,12.388356164383561,-0.2373272659035481,2.5989711015199872
2013-11-02,11.35,12.378493150684932,-1.0086058047163327,-0.019887345968599535
2013-11-03,8.3,12.36095890410959,-1.0947245261775207,-2.9662343779320697
2013-11-04,7.25,12.33958904109589,-0.7962313754925883,-4.293357665603301
2013-11-05,10.25,12.315205479452056,-0.9967336585976112,-1.0684718208544444
2013-11-06,10.3,12.306712328767125,-1.245226809282542,-0.761485519484582
2013-11-07,10.55,12.296849315068496,-2.6806149371364243,0.9337656220679293
2013-11-08,10.25,12.280000000000001,-4.43796653530994,2.4079665353099386
2013-11-09,8.05,12.262602739726029,-4.626870644898981,0.4142679051729523
2013-11-10,9.7,12.245890410958905,-5.277418590104461,2.7315281791455552
2013-11-11,11.1,12.243424657534247,-5.641847813848752,4.498423156314505
2013-11-12,12.25,12.25876712328767,-4.136003064990305,4.127235941702635
2013-11-13,12.25,12.279315068493151,-3.947053293300807,3.917738224807656
2013-11-14,8.6,12.297671232876713,-6.078377494214049,2.3807062613373358
2013-11-15,8.9,12.294657534246577,-6.360751923437794,2.966094389191218
2013-11-16,7.5,12.298493150684934,-6.829930005629574,2.0314368549446407
2013-11-17,9.45,12.302328767123289,-4.869838681428661,2.0175099143053714
2013-11-18,11.1,12.305342465753423,-4.989610370926377,3.7842679051729533
2013-11-19,8.850000000000001,12.309999999999999,-3.7265053480953254,0.2665053480953281
2013-11-20,4.75,12.31917808219178,-5.081345530743729,-2.487832551448051
2013-11-21,3.65,12.343561643835617,-6.017738224807655,-2.675823419027962
2013-11-22,4.7,12.362602739726027,-6.303126352661537,-1.3594763870644897
2013-11-23,6.1,12.367808219178082,-4.821071558140989,-1.446736661037093
2013-11-24,6.15,12.364794520547948,-5.635729092387565,-0.5790654281603826
2013-11-25,7.199999999999999,12.365479452054798,-4.653445987364734,-0.5120334646900648
2013-11-26,7.5,12.368493150684934,-3.6234003252642775,-1.2450928254206564
2013-11-27,10.0,12.368493150684936,-2.8794733846250087,0.5109802339400731
2013-11-28,7.5,12.374657534246579,-5.402989366360169,0.5283318321135901
2013-11-29,7.2,12.379315068493154,-6.670934571839618,1.491619503346464
2013-11-30,9.15,12.38315068493151,-6.023993932570214,2.790843247638705
2013-12-01,10.55,12.380136986301373,-5.205044160880717,3.374907174579344
2013-12-02,4.75,12.382328767123292,-7.95554644398574,0.3232176768624475
2013-12-03,2.25,12.376986301369868,-7.3412085444423605,-2.7857777569275077
2013-12-04,1.15,12.36479452054795,-6.963719959967475,-4.2510745605804745
2013-12-05,-1.9,12.352602739726033,-7.705226809282544,-6.547375930443489
2013-12-06,-1.6,12.348082191780826,-7.614587539876151,-6.333494651904674
2013-12-07,-3.55,12.351780821917812,-8.474496215675236,-7.427284606242575
2013-12-08,-2.2,12.354657534246577,-7.75107155814099,-6.803585976105587
2013-12-09,-1.9,12.358356164383563,-7.175866078688935,-7.082490085694629
2013-12-10,3.1,12.356712328767124,-4.596094389191219,-4.660617939575905
2013-12-11,1.7,12.363561643835618,-5.997098955401264,-4.666462688434355
2013-12-12,2.55,12.365753424657536,-6.830706261337339,-2.985047163320198
2013-12-13,7.5,12.357397260273974,-6.016824982798525,1.1594277225245513
2013-12-14,7.75,12.353698630136988,-6.389108087821357,1.785409457684369
2013-12-15,10.0,12.343698630136988,-5.2790624257209,2.9353637955839122
2013-12-16,7.2,12.33,-5.478057859510853,0.34805785951085344
2013-12-17,6.3500000000000005,12.313972602739724,-6.313902608369301,0.3499300056295773
2013-12-18,5.0,12.304931506849314,-7.502304434853319,0.19737292800400486
2013-12-19,2.5,12.311095890410959,-7.0558660786889345,-2.7552298117220246
2013-12-20,4.45,12.311095890410957,-6.574085256771125,-1.2870106336398317
2013-12-21,7.25,12.311095890410959,-5.292532745355602,0.2314368549446426
2013-12-22,9.45,12.309452054794521,-4.6481035216113105,1.7886514668167885
2013-12-23,8.899999999999999,12.31095890410959,-5.037281603803091,1.6263226996934996
2013-12-24,5.550000000000001,12.316164383561645,-7.526505348095328,0.7603409645336834
2013-12-25,4.2,12.319315068493152,-8.067007631200351,-0.052307437292800074
2013-12-26,3.65,12.316986301369864,-8.543080690561078,-0.12390561080878548
2013-12-27,4.45,12.313150684931509,-7.018331832113592,-0.8448188528179168
2013-12-28,6.35,12.294794520547947,-6.924130918871584,0.9793363983236363
2013-12-29,4.45,12.274383561643837,-8.678423156314503,0.8540395946706658
2013-12-30,6.65,12.256986301369867,-9.517372928004002,3.9103866266341356
2013-12-31,6.65,12.256986301369865,-9.991893475949208,4.384907174579343
2014-01-01,5.25,12.253835616438359,-10.168194845812222,3.164359229373863
2014-01-02,8.35,12.243972602739726,-8.144998498780259,4.251025896040533
2014-01-03,5.85,12.246986301369864,-8.80335466316382,2.4063683617939553
2014-01-04,4.2,12.247671232876712,-6.959975667730031,-1.0876955651466815
2014-01-05,3.9,12.253835616438355,-5.964039594670668,-2.389796021767687
2014-01-06,3.65,12.263698630136986,-6.7814368549446415,-1.832261775192344
2014-01-07,6.65,12.271369863013698,-5.865546443985739,0.24417658097204153
2014-01-08,8.6,12.265342465753426,-5.38472452617752,1.7193820604240937
2014-01-09,7.5,12.273013698630136,-6.05266973165697,1.2796560330268347
2014-01-10,10.55,12.28821917808219,-6.434998498780258,4.696779320698068
2014-01-11,10.8,12.31041095890411,-6.353445987364734,4.843035028460624
2014-01-12,8.35,12.32027397260274,-7.538834115218615,3.5685601426158744
2014-01-13,10.3,12.323287671232874,-7.6239482704697545,5.600660599236881
2014-01-14,9.15,12.327123287671233,-8.377738224807654,5.200614937136422
2014-01-15,8.35,12.321780821917809,-7.445181147182084,3.473400325264275
2014-01-16,5.550000000000001,12.326438356164385,-7.63079758553825,0.8543592293738662
2014-01-17,4.199999999999999,12.32041095890411,-8.387920873209483,0.2675099143053714
2014-01-18,5.0,12.31972602739726,-7.193765622067932,-0.1259604053293284
2014-01-19,4.699999999999999,12.313561643835616,-8.415044160880713,0.8014825170450965
2014-01-20,6.4,12.314246575342466,-7.948879777319073,2.0346332019766074
2014-01-21,5.85,12.307397260273973,-9.601162882341903,3.1437656220679298
2014-01-22,7.5,12.28986301369863,-7.405957402889848,2.6160943891912174
2014-01-23,6.4,12.273287671232875,-5.639564708825921,-0.23372296240695434
2014-01-24,6.95,12.261095890410958,-4.804404891474324,-0.5066909989366346
2014-01-25,6.65,12.252739726027396,-4.236687996497156,-1.3660517295302403
2014-01-26,4.45,12.25945205479452,-5.537920873209485,-2.2715311815850354
2014-01-27,5.55,12.276301369863013,-6.0907519234377965,-0.6355494464252169
2014-01-28,8.6,12.286301369863011,-5.461436854944645,1.7751354850816332
2014-01-29,9.15,12.293835616438356,-4.920066991930945,1.7762313754925891
2014-01-30,7.2,12.312191780821916,-6.210477950835053,1.0982861700131377
2014-01-31,6.699999999999999,12.325890410958902,-6.032487083255145,0.4065966722962422
2014-02-01,5.3,12.343424657534246,-5.9376012385062875,-1.105823419027959
2014-02-02,5.0,12.35095890410959,-6.956779320698068,-0.39417958341152115
2014-02-03,2.5,12.35780821917808,-7.402167448551948,-2.4556407706261325
2014-02-04,0.3499999999999998,12.34945205479452,-7.27810352161131,-4.72134853318321
2014-02-05,-3.0,12.344794520547945,-7.392989366360167,-7.9518051541877774
2014-02-06,-3.8,12.336438356164383,-7.196551010195784,-8.9398873459686
2014-02-07,-0.8000000000000003,12.331232876712328,-7.331436854944642,-5.799796021767686
2014-02-08,2.55,12.331369863013697,-6.3834916494651885,-3.397878213548509
2014-02-09,1.95,12.33671232876712,-6.4201126540313975,-3.9665996747357237
2014-02-10,6.1,12.355890410958903,-5.472441421154686,-0.7834489898042172
2014-02-11,8.899999999999999,12.359589041095889,-4.638834115218614,1.1792450741227238
2014-02-12,9.7,12.353424657534244,-2.154724526177517,-0.4987001313567281
2014-02-13,10.3,12.34808219178082,-2.867053293300804,0.8189711015199843
2014-02-14,8.899999999999999,12.351917808219177,-3.7948158503784315,0.3428980421592529
2014-02-15,8.05,12.346712328767122,-4.355409457684367,0.05869712891724532
2014-02-16,6.65,12.346712328767122,-4.618514480515417,-1.0781978482517047
2014-02-17,6.3500000000000005,12.351232876712327,-4.939245074122724,-1.061987802589603
2014-02-18,6.95,12.351917808219175,-5.7435829736661015,0.34166516544692627
2014-02-19,6.1000000000000005,12.343561643835613,-5.542030462250578,-0.7015311815850351
2014-02-20,7.8,12.329041095890409,-5.6420304622505775,1.1129893663601687
2014-02-21,5.3,12.319863013698628,-6.2769163069994365,-0.7429467066991915
2014-02-22,4.199999999999999,12.320684931506849,-6.929975667730031,-1.1907092637768182
2014-02-23,5.55,12.316027397260273,-6.381756489647839,-0.384270907612434
2014-02-24,5.0,12.322876712328766,-6.581756489647838,-0.7411202226809275
2014-02-25,8.049999999999999,12.331369863013697,-5.0024870832551445,0.7211172202414469
2014-02-26,9.75,12.332876712328767,-4.155500781885282,1.5726240695565146
2014-02-27,8.600000000000001,12.326575342465752,-4.740614937136423,1.0140395946706722
2014-02-28,9.4,12.320547945205478,-4.007007631200349,1.0864596859948712
2014-03-01,5.800000000000001,12.307671232876709,-4.472395759054229,-2.0352754738224794
2014-03-02,6.949999999999999,12.29849315068493,-4.740066991930943,-0.6084261587539874
2014-03-03,11.65,12.288493150684932,-4.923856946268843,4.285363795583911
2014-03-04,10.85,12.273287671232875,-4.9069163069994355,3.48362863576656
2014-03-05,13.1,12.261917808219177,-3.153856946268843,3.9919391380496654
2014-03-06,11.65,12.256575342465755,-3.8172359417026334,3.2106605992368786
2014-03-07,12.25,12.264931506849315,-2.3967793206980668,2.3818478138487515
2014-03-08,9.75,12.27780821917808,-3.689975667730029,1.1621674485519486
2014-03-09,12.2,12.27931506849315,-3.251573841246011,3.172258772752861
2014-03-10,9.15,12.270136986301369,-4.717235941702633,1.5970989554012647
2014-03-11,9.4,12.263287671232876,-2.969747357227747,0.10645968599487166
2014-03-12,9.7,12.253287671232878,-1.2065966722962411,-1.3466909989366371
2014-03-13,9.45,12.235753424657535,-1.9460030649903057,-0.8397503596672298
2014-03-14,11.35,12.23109589041096,-1.6000669919309451,0.718971101519984
2014-03-15,10.55,12.236301369863014,-2.5972816038030904,0.910980233940077
2014-03-16,7.5,12.242328767123288,-4.442761055857885,-0.2995677112654027
2014-03-17,6.4,12.255342465753424,-5.556916306999438,-0.29842615875398604
2014-03-18,6.65,12.254520547945207,-4.155181147182088,-1.4493394007631188
2014-03-19,7.199999999999999,12.262054794520548,-3.968012197410397,-1.094042597110152
2014-03-20,6.4,12.26205479452055,-4.248012197410397,-1.6140425971101529
2014-03-21,6.699999999999999,12.268082191780824,-4.8979665353099415,-0.670115656470883
2014-03-22,6.1,12.271095890410962,-6.100523612935512,-0.07057227747545003
2014-03-23,8.600000000000001,12.277260273972605,-5.2666423343967,1.5893820604240965
2014-03-24,10.85,12.286438356164384,-3.8646332019766065,2.4281948458122224
2014-03-25,10.3,12.294794520547946,-2.2144048914743233,0.21961037092637836
2014-03-26,8.35,12.302328767123287,-1.0820761243510357,-2.8702526427722512
2014-03-27,9.45,12.316849315068497,-1.664450553574781,-1.2023987614937166
2014-03-28,9.45,12.329863013698633,-1.3808889097391652,-1.4989741039594684
2014-03-29,9.45,12.340547945205481,-1.1773272659035476,-1.713220679301934
2014-03-30,8.05,12.344246575342467,-1.0742679051729527,-3.219978670169514
2014-03-31,8.9,12.347397260273974,-2.0899300056295735,-1.3574672546444
2014-04-01,10.55,12.357945205479455,-1.9229893663601683,0.11504416088071423
2014-04-02,10.0,12.366301369863015,-2.472213110652406,0.10591174078939103
2014-04-03,9.7,12.376164383561647,-2.754541877775694,0.07837749421404583
2014-04-04,9.45,12.386849315068496,-2.7562770375930463,-0.1805722774754499
2014-04-05,9.75,12.401232876712331,-2.2755007818852833,-0.37573209482704817
2014-04-06,11.1,12.41123287671233,-2.3931263526615383,1.0818934759492085
2014-04-07,15.25,12.42260273972603,-1.9415738412460128,4.768971101519984
2014-04-08,11.95,12.429452054794522,-1.657464252204918,1.1780121974103952
2014-04-09,10.55,12.445479452054794,-2.3089711015199854,0.4134916494651919
2014-04-10,10.85,12.456027397260273,-1.5453181334834571,-0.06070926377681651
2014-04-11,11.1,12.463698630136985,-3.0349984987802605,1.671299868643275
2014-04-12,11.95,12.47123287671233,-3.6049984987802612,3.0837656220679306
2014-04-13,13.1,12.47972602739726,-3.4911172202414487,4.111391192844188
2014-04-14,12.8,12.492602739726026,-3.2236742978670163,3.531071558140991
2014-04-15,11.1,12.504794520547945,-3.154222243072497,1.749427722524552
2014-04-16,10.0,12.514657534246574,-2.9552268092825424,0.44056927503596865
2014-04-17,9.45,12.52835616438356,-2.3072816038030903,-0.7710745605804701
2014-04-18,10.0,12.535342465753423,-1.8454551197848257,-0.6898873459685977
2014-04-19,8.649999999999999,12.553561643835614,-1.2136286357665607,-2.689933008069055
2014-04-20,10.6,12.576301369863014,-0.4492450741227253,-1.5270562957402891
2014-04-21,12.5,12.58986301369863,-1.487692562707199,1.39782954900857
2014-04-22,8.6,12.600547945205479,-2.9748158503784325,-1.0257320948270467
2014-04-23,8.899999999999999,12.608356164383562,-3.064496215675237,-0.6438599487083261
2014-04-24,10.0,12.613561643835618,-1.8826697316569714,-0.730891912178647
2014-04-25,10.0,12.623424657534246,-1.5854551197848252,-1.0379695377494205
2014-04-26,10.3,12.63027397260274,-1.2233090010633632,-1.1069649715393766
2014-04-27,8.6,12.631095890410961,0.07491017701882766,-4.10600606742979
2014-04-28,10.25,12.631232876712332,-1.2418021517482956,-1.1394307249640363
2014-04-29,17.2,12.635068493150689,0.2412572089822972,4.323674297867013
2014-04-30,18.6,12.651232876712328,0.4238599487083274,5.524907174579346
2014-05-01,20.25,12.659589041095892,2.0730836930005627,5.517327265903546
2014-05-02,14.45,12.654246575342466,0.9061430537311559,0.8896103709263776
2014-05-03,11.95,12.638904109589042,1.091531181585037,-1.7804352911740797
2014-05-04,11.65,12.635890410958904,1.1615311815850369,-2.1474215925439406
2014-05-05,12.5,12.647397260273975,1.733266341402388,-1.8806636016763627
2014-05-06,12.5,12.66178082191781,2.491165884781382,-2.6529467066991925
2014-05-07,12.75,12.668767123287672,1.1926727340964505,-1.1114398573841229
2014-05-08,11.65,12.677945205479453,1.54066360167636,-2.5686088071558126
2014-05-09,10.25,12.678630136986301,2.1048188528179117,-4.533448989804214
2014-05-10,11.4,12.673424657534246,2.0012572089822958,-3.274681866516542
2014-05-11,13.6,12.68027397260274,2.282307437292798,-1.3625814098955376
2014-05-12,16.9,12.676575342465755,3.1287457934571816,1.094678864077062
2014-05-13,19.75,12.658356164383562,2.1921247888909727,4.899519046725465
2014-05-14,20.55,12.633972602739727,2.9267366610370926,4.9892907362231815
2014-05-15,19.75,12.61109589041096,3.02500150121974,4.1139026083693
2014-05-16,15.85,12.594520547945208,2.575275473822478,0.680203978232313
2014-05-17,15.85,12.579315068493152,2.292444423594169,0.978240507912679
2014-05-18,15.3,12.568767123287671,3.226234377932069,-0.4950015012197393
2014-05-19,15.55,12.554520547945206,2.7587914555576396,0.23668799649715533
2014-05-20,16.1,12.533287671232877,3.010572277475448,0.5561400512916763
2014-05-21,15.3,12.527260273972601,2.4984261587539875,0.27431356727341205
2014-05-22,18.05,12.53712328767123,1.0027183961969115,4.510158316131859
2014-05-23,16.4,12.553698630136983,0.4539512729092399,3.392350096953775
2014-05-24,14.7,12.562876712328764,1.1872846062425737,0.9498386814286615
2014-05-25,12.8,12.571369863013695,0.5579695377494229,-0.3293394007631172
2014-05-26,14.7,12.576575342465752,2.492809720397823,-0.36938506286357553
2014-05-27,15.0,12.588767123287669,2.860480953274536,-0.4492480765622049
2014-05-28,14.45,12.605479452054793,3.5117138299868644,-1.6671932820416577
2014-05-29,15.0,12.613835616438353,2.9468279852380084,-0.5606636016763611
2014-05-30,14.75,12.615342465753422,1.9500699943704276,0.18458753987615073
2014-05-31,16.65,12.595753424657532,3.9763257021329848,0.07792087320948138
2014-06-01,16.4,12.56780821917808,3.1692480765622077,0.6629437042597113
2014-06-02,17.2,12.540547945205477,3.539430724964034,1.1200213298304886
2014-06-03,14.7,12.530821917808218,2.972992368799649,-0.8038142866078681
2014-06-04,14.7,12.538356164383561,4.269887345968598,-2.1082435103521604
2014-06-05,16.1,12.551917808219178,6.037558578845313,-2.4894763870644896
2014-06-06,17.8,12.583835616438357,6.7696133733658606,-1.5534489898042168
2014-06-07,18.85,12.614931506849318,7.133220679301934,-0.8981521861512514
2014-06-08,17.75,12.652739726027399,6.212764058297369,-1.1155037843247673
2014-06-09,17.200000000000003,12.690684931506851,5.455640770626135,-0.9463257021329836
2014-06-10,16.1,12.732465753424659,4.267512916744857,-0.8999786701695145
2014-06-11,17.5,12.763561643835617,3.9652298117220255,0.7712085444423575
2014-06-12,16.95,12.790000000000003,3.531713829986864,0.6282861700131326
2014-06-13,13.35,12.808082191780825,2.6801613185713378,-2.138243510352163
2014-06-14,14.75,12.806575342465758,4.078608807155813,-2.135184149621571
2014-06-15,14.15,12.80520547945206,5.544225245511978,-4.199430724964037
2014-06-16,13.35,12.80369863013699,3.426280040032526,-2.8799786701695167
2014-06-17,13.9,12.809041095890416,4.4434489898042155,-3.3524900856946314
2014-06-18,15.0,12.812191780821921,4.693175017201476,-2.505366798023397
2014-06-19,18.65,12.820547945205483,5.089156752361292,0.7402953024332231
2014-06-20,15.0,12.838767123287674,3.505321135922937,-1.344088259210611
2014-06-21,16.4,12.853287671232883,4.71997867016951,-1.1732663414023943
2014-06-22,18.05,12.86465753424658,5.735823419027958,-0.5504809532745378
2014-06-23,19.15,12.861643835616443,6.086554012635264,0.20180215174829197
2014-06-24,19.4,12.860821917808224,6.4544535560142595,0.08472452617751536
2014-06-25,20.0,12.860821917808224,7.854727528617001,-0.715549446425225
2014-06-26,17.75,12.86383561643836,7.571942140489147,-2.685777756927507
2014-06-27,17.5,12.863835616438358,7.75783255144805,-3.1216681678864084
2014-06-28,16.65,12.87054794520548,8.310115656470884,-4.530663601676366
2014-06-29,16.700000000000003,12.866164383561644,8.512627071995999,-4.67879145555764
2014-06-30,19.200000000000003,12.863150684931508,9.729522049164949,-3.392672734096454
2014-07-01,25.0,12.846575342465755,12.112764058297367,0.040660599236877815
2014-07-02,20.8,12.829178082191781,10.078837117658098,-2.108015199849879
2014-07-03,17.8,12.818082191780821,7.033357665603304,-2.051439857384124
2014-07-04,18.9,12.802876712328766,5.782946706699194,0.31417658097203827
2014-07-05,18.85,12.796027397260273,6.156782323137552,-0.10280972039782377
2014-07-06,21.95,12.803561643835616,8.25561793957591,0.8908204165884737
2014-07-07,22.5,12.822465753424659,8.123426158753988,1.5541080878213531
2014-07-08,22.8,12.837534246575343,8.81774122724714,1.1447245261775176
2014-07-09,20.3,12.837671232876714,8.81842615875399,-1.356097391630703
2014-07-10,20.85,12.827123287671236,6.873768624507414,1.149108087821351
2014-07-11,23.05,12.824794520547949,7.697672734096454,2.5275327453555985
2014-07-12,24.450000000000003,12.814931506849318,7.815001501219744,3.8200669919309416
2014-07-13,22.2,12.808082191780825,7.803631638206042,1.5882861700131325
2014-07-14,21.4,12.806438356164387,8.242261775192343,0.35129986864326845
2014-07-15,22.5,12.79493150684932,7.710663601676362,1.9944048914743178
2014-07-16,22.75,12.779041095890415,10.189933008069056,-0.21897410395947148
2014-07-17,20.3,12.768356164383563,6.885366798023394,0.6462770375930429
2014-07-18,17.799999999999997,12.776849315068496,6.312307437292798,-1.289156752361297
2014-07-19,20.3,12.788082191780823,7.970115656470884,-0.4581978482517064
2014-07-20,16.9,12.803287671232878,5.3420334646900605,-1.2453211359229401
2014-07-21,18.6,12.812465753424659,6.387467254644398,-0.5999330080690557
2014-07-22,17.200000000000003,12.813150684931507,5.536690998936637,-1.1498416838681411
2014-07-23,16.1,12.806301369863013,5.637695565146681,-2.3439969350096925
2014-07-24,16.700000000000003,12.806986301369863,6.834910177018829,-2.9418964783886885
2014-07-25,17.5,12.817534246575342,7.497786889347596,-2.8153211359229378
2014-07-26,19.700000000000003,12.833424657534245,8.308882779758557,-1.4423074372927989
2014-07-27,21.65,12.848630136986298,6.835640770626134,1.9657290923875665
2014-07-28,22.8,12.866849315068489,6.810891912178646,3.1222587727528657
2014-07-29,22.8,12.878219178082189,8.022033464690063,1.8997473572277492
2014-07-30,21.9,12.87821917808219,6.870252642772252,2.151528179145556
2014-07-31,24.200000000000003,12.874383561643834,7.753083693000565,3.5725327453556046
2014-08-01,21.95,12.86753424657534,6.905869081128419,2.17659667229624
2014-08-02,22.5,12.863561643835615,6.523312003502847,3.1131263526615385
2014-08-03,23.05,12.86794520547945,8.85491017701883,1.3271446175017214
2014-08-04,24.45,12.876301369863011,11.638471820854447,-0.06477319071745846
2014-08-05,19.45,12.890821917808216,10.34075492587728,-3.781576843685496
2014-08-06,20.55,12.910410958904107,9.324362231813351,-1.6847731907174577
2014-08-07,19.450000000000003,12.94821917808219,7.739293738662666,-1.237512916744854
2014-08-08,19.450000000000003,12.992054794520547,7.538837117658101,-1.0808919121786449
2014-08-09,21.4,13.023835616438355,8.45249008569463,-0.07632570213298528
2014-08-10,22.25,13.04876712328767,8.217147619941203,0.9840852567711273
2014-08-11,26.700000000000003,13.073013698630136,10.132855382498285,3.4941309188715817
2014-08-12,22.2,13.085205479452053,9.679841683868146,-0.5650471633201999
2014-08-13,19.15,13.086027397260272,8.844179583411524,-2.7802069806717977
2014-08-14,19.15,13.095205479452053,8.270891912178646,-2.2160973916307007
2014-08-15,20.55,13.09753424657534,8.914270907612439,-1.4618051541877772
2014-08-16,20.6,13.102054794520544,10.858197848251708,-3.3602526427722506
2014-08-17,21.4,13.102054794520544,10.122307437292802,-1.824362231813348
2014-08-18,22.5,13.112054794520546,8.169476387064492,1.2184688184149621
2014-08-19,21.4,13.122739726027396,8.264955839119283,0.01230443485331989
2014-08-20,17.8,13.126438356164382,7.3447731907174605,-2.6712115468818416
2014-08-21,16.1,13.135616438356164,6.290480953274535,-3.3260973916306984
2014-08-22,18.6,13.139315068493152,7.123585976105584,-1.6629010445987351
2014-08-23,20.85,13.149178082191781,7.321302871082756,0.37951904672546366
2014-08-24,19.15,13.158219178082192,6.386188715831615,-0.39440789391380804
2014-08-25,21.65,13.1613698630137,7.58513848752111,0.9034916494651881
2014-08-26,23.35,13.165890410958903,7.766964971539377,2.4171446175017213
2014-08-27,22.5,13.166712328767122,8.694453556014263,0.6388341152186143
2014-08-28,18.85,13.166712328767124,6.837604240945769,-1.1543165697128916
2014-08-29,18.9,13.166027397260274,7.016097391630701,-1.2821247888909761
2014-08-30,16.4,13.16150684931507,6.095138487521111,-2.8566453368361833
2014-08-31,17.5,13.162328767123288,5.909522049164948,-1.5718508162882356
2014-09-01,18.05,13.164520547945205,6.290617939575904,-1.4051384875211088
2014-09-02,16.95,13.147123287671233,5.994407893913804,-2.191531181585038
2014-09-03,16.700000000000003,13.134246575342464,6.113357665603305,-2.547604240945766
2014-09-04,17.5,13.120410958904108,5.89340332770376,-1.513814286607868
2014-09-05,20.85,13.113561643835615,6.83810652405079,0.8983318321135965
2014-09-06,23.6,13.108219178082193,8.931987802589603,1.5597930193282057
2014-09-07,20.8,13.110410958904108,8.913083693000564,-1.2234946519046712
2014-09-08,17.200000000000003,13.102739726027398,6.611074560580472,-2.513814286607867
2014-09-09,17.5,13.1027397260274,5.608791455557638,-1.2115311815850376
2014-09-10,17.2,13.108904109589043,5.602490085694625,-1.5113941952836685
2014-09-11,18.6,13.119589041095892,6.977467254644397,-1.497056295740288
2014-09-12,18.6,13.127945205479456,5.952216113091885,-0.4801613185713398
2014-09-13,19.15,13.128767123287675,6.328974103959464,-0.30774122724714026
2014-09-14,20.85,13.1227397260274,6.978974103959465,0.7482861700131371
2014-09-15,21.4,13.129589041095892,5.842353099393254,2.4280578595108526
2014-09-16,18.05,13.136301369863016,5.372444423594169,-0.4587457934571848
2014-09-17,18.6,13.149315068493152,5.664042597110153,-0.21335766560330338
2014-09-18,17.2,13.16232876712329,5.639248076562207,-1.6015768436854971
2014-09-19,20.0,13.176027397260274,6.116736661037091,0.7072359417026348
2014-09-20,19.4,13.187260273972605,5.044773190717457,1.1679665353099367
2014-09-21,19.450000000000003,13.194931506849317,4.608654469256272,1.6464140238944145
2014-09-22,18.6,13.194246575342467,4.040206980671797,1.365546443985738
2014-09-23,16.65,13.190410958904112,2.5565996747357222,0.9029893663601647
2014-09-24,16.65,13.19178082191781,2.9371476199412014,0.5210715581409873
2014-09-25,18.05,13.21082191780822,2.91513848752111,1.924039594670671
2014-09-26,16.95,13.222191780821918,2.079019766059923,1.6487884531181587
2014-09-27,16.15,13.23054794520548,2.492398761493713,0.42705329330080577
2014-09-28,15.55,13.238219178082193,3.6718964783886903,-1.360115656470883
2014-09-29,13.9,13.255068493150686,1.8988371176580956,-1.2539056108087814
2014-09-30,15.8,13.256575342465755,1.6127183961969085,0.9307062613373371
2014-10-01,14.7,13.252876712328769,1.6937229624069556,-0.2465996747357253
2014-10-02,14.7,13.251369863013702,0.7780608619503337,0.6705692750359638
2014-10-03,15.55,13.246849315068497,1.060891912178644,1.24225877275286
2014-10-04,16.95,13.243835616438357,1.6260517295302421,2.0801126540314003
2014-10-05,17.799999999999997,13.243835616438359,3.2893850628635755,1.2667793206980629
2014-10-06,19.450000000000003,13.241643835616442,4.403220679301932,1.805135485081629
2014-10-07,16.4,13.228767123287673,2.9183804966535307,0.25285238005879496
2014-10-08,16.700000000000003,13.227945205479454,1.5373302683430297,1.9347245261775192
2014-10-09,14.15,13.230958904109592,-0.14472452617751894,1.0637656220679275
2014-10-10,14.15,13.23095890410959,-0.5424414211546877,1.461482517045098
2014-10-11,15.0,13.224246575342466,0.14134853318321133,1.6344048914743226
2014-10-12,14.75,13.217397260273973,0.14162250578595098,1.3909802339400759
2014-10-13,15.55,13.202876712328768,0.9764626884343528,1.3706605992368797
2014-10-14,14.2,13.187671232876713,0.711805154187777,0.3005236129355089
2014-10-15,13.9,13.18082191780822,0.33125720898229705,0.3879208732094829
2014-10-16,15.85,13.183150684931508,0.5138142866078668,2.1530350284606246
2014-10-17,14.2,13.191506849315072,-0.424359229373869,1.4328523800587962
2014-10-18,16.65,13.201369863013701,0.5059147432288715,2.942715393757426
2014-10-19,17.5,13.217945205479454,0.5011202226809262,3.7809345718396195
2014-10-20,14.15,13.230821917808221,-1.8203866266341429,2.739564708825922
2014-10-21,13.9,13.229315068493152,-1.8201583161318602,2.4908432476387086
2014-10-22,13.65,13.233972602739728,-2.465135485081632,2.881162882341904
2014-10-23,11.35,13.235479452054797,-2.7431263526615415,0.8576469006067442
2014-10-24,11.65,13.23315068493151,-2.9239026083693025,1.340751923437792
2014-10-25,12.5,13.231643835616442,-1.8875099143053748,1.155866078688933
2014-10-26,10.3,13.230821917808223,-2.6372359417026354,-0.2935859761055868
2014-10-27,11.15,13.25602739726028,-1.077966535309941,-1.028060861950338
2014-10-28,12.2,13.261506849315074,-0.7280121974103984,-0.3334946519046764
2014-10-29,14.2,13.24630136986302,-0.6941309188715858,1.647829549008566
2014-10-30,13.35,13.229589041095895,-0.046414023894416456,0.1668249827985207
2014-10-31,10.55,13.211369863013704,-0.334039594670672,-2.3273302683430317
2014-11-01,9.15,13.207534246575348,-0.2373272659035481,-3.820206980671799
2014-11-02,10.25,13.213698630136989,-1.0086058047163327,-1.955092825420656
2014-11-03,12.5,13.215205479452056,-1.0947245261775207,0.37951904672546477
2014-11-04,12.5,13.210547945205482,-0.7962313754925883,0.08568343028710634
2014-11-05,12.8,13.209041095890413,-0.9967336585976112,0.5876925627071989
2014-11-06,13.65,13.210684931506849,-1.245226809282542,1.6845418777756933
2014-11-07,10.8,13.222876712328766,-2.6806149371364243,0.25773822480765896
2014-11-08,8.35,13.244246575342466,-4.43796653530994,-0.4562800400325262
2014-11-09,10.55,13.254794520547945,-4.626870644898981,1.9220761243510367
2014-11-10,8.35,13.25027397260274,-5.277418590104461,0.37714461750172124
2014-11-11,4.45,13.23986301369863,-5.641847813848752,-3.148015199849876
2014-11-12,3.35,13.216164383561644,-4.136003064990305,-5.730161318571339
2014-11-13,3.9,13.197123287671232,-3.947053293300807,-5.350069994370425
2014-11-14,2.55,13.183287671232877,-6.078377494214049,-4.554910177018829
2014-11-15,3.3500000000000005,13.176438356164384,-6.360751923437794,-3.4656864327265904
2014-11-16,3.65,13.174109589041096,-6.829930005629574,-2.694179583411522
2014-11-17,4.25,13.183972602739725,-4.869838681428661,-4.064133921311065
2014-11-18,3.35,13.187123287671232,-4.989610370926377,-4.847512916744856
2014-11-19,6.65,13.18945205479452,-3.7265053480953254,-2.8129467066991944
2014-11-20,8.35,13.198630136986301,-5.081345530743729,0.23271539375742734
2014-11-21,9.7,13.18808219178082,-6.017738224807655,2.529656033026834
2014-11-22,8.05,13.181232876712329,-6.303126352661537,1.1718934759492088
2014-11-23,9.2,13.180547945205479,-4.821071558140989,0.8405236129355096
2014-11-24,8.05,13.182054794520546,-5.635729092387565,0.5036742978670192
2014-11-25,11.65,13.18753424657534,-4.653445987364734,3.115911740789395
2014-11-26,13.6,13.195890410958901,-3.6234003252642775,4.0275099143053765
2014-11-27,13.05,13.211095890410956,-2.8794733846250087,2.7183774942140535
2014-11-28,8.05,13.223287671232875,-5.402989366360169,0.22970169512729477
2014-11-29,0.0500000000000002,13.227808219178078,-6.670934571839618,-6.506873647338459
2014-11-30,-1.0500000000000005,13.232465753424655,-6.023993932570214,-8.258471820854442
2014-12-01,0.6000000000000001,13.225616438356164,-5.205044160880717,-7.420572277475448
2014-12-02,1.1999999999999995,13.22041095890411,-7.95554644398574,-4.06486451491837
2014-12-03,5.0,13.223561643835616,-7.3412085444423605,-0.8823530993932556
2014-12-04,6.1000000000000005,13.23054794520548,-6.963719959967475,-0.16682798523800457
2014-12-05,9.75,13.24054794520548,-7.705226809282544,4.214678864077064
2014-12-06,9.75,13.25027397260274,-7.614587539876151,4.1143135672734115
2014-12-07,10.25,13.262602739726027,-8.474496215675236,5.461893475949209
2014-12-08,11.65,13.275616438356165,-7.75107155814099,6.125455119784825
2014-12-09,13.35,13.287808219178082,-7.175866078688935,7.238057859510852
2014-12-10,14.45,13.293972602739727,-4.596094389191219,5.752121786451491
2014-12-11,11.35,13.294657534246575,-5.997098955401264,4.052441421154689
2014-12-12,9.15,13.29164383561644,-6.830706261337339,2.6890624257208984
2014-12-13,6.95,13.30068493150685,-6.016824982798525,-0.3338599487083256
2014-12-14,7.25,13.314383561643837,-6.389108087821357,0.32472452617752
2014-12-15,9.45,13.338767123287674,-5.2790624257209,1.3902953024332252
2014-12-16,9.15,13.348630136986303,-5.478057859510853,1.2794277225245505
2014-12-17,7.5,13.360000000000003,-6.313902608369301,0.4539026083692983
2014-12-18,8.05,13.371369863013701,-7.502304434853319,2.180934571839619
2014-12-19,9.15,13.37123287671233,-7.0558660786889345,2.8346332019766045
2014-12-20,9.75,13.381917808219178,-6.574085256771125,2.942167448551947
2014-12-21,11.4,13.39109589041096,-5.292532745355602,3.301436854944643
2014-12-22,8.35,13.393424657534247,-4.6481035216113105,-0.39532113592293694
2014-12-23,8.6,13.392739726027395,-5.037281603803091,0.24454187777569558
2014-12-24,5.55,13.396712328767123,-7.526505348095328,-0.3202069806717951
2014-12-25,5.3,13.405205479452054,-8.067007631200351,-0.03819784825170203
2014-12-26,3.65,13.424383561643833,-8.543080690561078,-1.2313028710827538
2014-12-27,6.9,13.445616438356163,-7.018331832113592,0.4727153937574293
2014-12-28,4.75,13.463835616438354,-6.924130918871584,-1.78970469756677
2014-12-29,3.35,13.481232876712326,-8.678423156314503,-1.4528097203978234
2014-12-30,0.5999999999999999,13.491095890410957,-9.517372928004002,-3.373722962406955
2014-12-31,0.2999999999999998,13.490273972602736,-9.991893475949208,-3.1983804966535274
2015-01-01,1.1999999999999995,13.504109589041093,-10.168194845812222,-2.135914743228872
2015-01-02,2.8,13.525342465753424,-8.144998498780259,-2.5803439669731656
2015-01-03,3.35,13.53972602739726,-8.80335466316382,-1.3863713642334403
2015-01-04,6.949999999999999,13.555890410958902,-6.959975667730031,0.35408525677112834
2015-01-05,10.8,13.557397260273971,-5.964039594670668,3.2066423343966974
2015-01-06,9.15,13.552054794520547,-6.7814368549446415,2.3793820604240947
2015-01-07,6.699999999999999,13.550410958904111,-5.865546443985739,-0.9848645149183728
2015-01-08,4.75,13.554109589041097,-5.38472452617752,-3.4193850628635776
2015-01-09,6.65,13.54876712328767,-6.05266973165697,-0.8460973916306989
2015-01-10,6.949999999999999,13.53890410958904,-6.434998498780258,-0.15390561080878307
2015-01-11,8.3,13.530547945205479,-6.353445987364734,1.1228980421592558
2015-01-12,7.75,13.526849315068493,-7.538834115218615,1.7619848001501222
2015-01-13,6.1,13.52835616438356,-7.6239482704697545,0.19559210608619448
2015-01-14,3.35,13.522191780821915,-8.377738224807654,-1.7944535560142612
2015-01-15,4.45,13.516164383561641,-7.445181147182084,-1.6209832363795575
2015-01-16,8.649999999999999,13.51767123287671,-7.63079758553825,2.763126352661539
2015-01-17,8.3,13.53890410958904,-8.387920873209483,3.149016763620443
2015-01-18,10.55,13.554794520547947,-7.193765622067932,4.188971101519986
2015-01-19,8.05,13.567945205479452,-8.415044160880713,2.897098955401262
2015-01-20,6.65,13.57027397260274,-7.948879777319073,1.0286058047163333
2015-01-21,3.35,13.574931506849316,-9.601162882341903,-0.623768624507413
2015-01-22,7.75,13.586301369863012,-7.405957402889848,1.5696560330268357
2015-01-23,10.25,13.59,-5.639564708825921,2.299564708825921
2015-01-24,12.75,13.59068493150685,-4.804404891474324,3.9637199599674737
2015-01-25,12.2,13.586164383561645,-4.236687996497156,2.8505236129355103
2015-01-26,11.1,13.575479452054797,-5.537920873209485,3.0624414211546878
2015-01-27,9.7,13.570136986301373,-6.0907519234377965,2.220614937136423
2015-01-28,8.6,13.571506849315071,-5.461436854944645,0.48993000562957345
2015-01-29,7.75,13.582191780821917,-4.920066991930945,-0.9121247888909725
2015-01-30,4.7,13.587397260273972,-6.210477950835053,-2.676919309438918
2015-01-31,5.25,13.594246575342464,-6.032487083255145,-2.311759492087319
2015-02-01,6.9,13.596575342465751,-5.9376012385062875,-0.7589741039594635
2015-02-02,8.05,13.595753424657532,-6.956779320698068,1.4110258960405364
2015-02-03,7.8,13.584246575342465,-7.402167448551948,1.6179208732094823
2015-02-04,7.5,13.57958904109589,-7.27810352161131,1.1985144805154206
2015-02-05,10.8,13.57808219178082,-7.392989366360167,4.614907174579347
2015-02-06,12.2,13.584931506849314,-7.196551010195784,5.81161950334647
2015-02-07,10.8,13.5872602739726,-7.331436854944642,4.544176580972043
2015-02-08,11.65,13.58794520547945,-6.3834916494651885,4.445546443985739
2015-02-09,10.8,13.5886301369863,-6.4201126540313975,3.6314825170450984
2015-02-10,10.55,13.579452054794519,-5.472441421154686,2.442989366360168
2015-02-11,9.2,13.580273972602738,-4.638834115218614,0.2585601426158757
2015-02-12,13.05,13.58794520547945,-2.154724526177517,1.6167793206980678
2015-02-13,11.15,13.581095890410957,-2.867053293300804,0.4359574028898474
2015-02-14,10.55,13.573561643835616,-3.7948158503784315,0.7712542065428165
2015-02-15,8.049999999999999,13.571095890410957,-4.355409457684367,-1.1656864327265914
2015-02-16,10.3,13.568767123287671,-4.618514480515417,1.3497473572277467
2015-02-17,10.25,13.568767123287673,-4.939245074122724,1.6204779508350509
2015-02-18,8.3,13.575616438356164,-5.7435829736661015,0.46796653530993826
2015-02-19,9.45,13.577808219178083,-5.542030462250578,1.4142222430724942
2015-02-20,9.15,13.583835616438357,-5.6420304622505775,1.208194845812221
2015-02-21,8.899999999999999,13.586164383561645,-6.2769163069994365,1.5907519234377903
2015-02-22,7.5,13.586164383561645,-6.929975667730031,0.8438112841683862
2015-02-23,6.7,13.583150684931509,-6.381756489647839,-0.5013941952836696
2015-02-24,6.65,13.575616438356166,-6.581756489647838,-0.34385994870832715
2015-02-25,8.35,13.569452054794521,-5.0024870832551445,-0.21696497153937688
2015-02-26,9.75,13.567808219178083,-4.155500781885282,0.3376925627071987
2015-02-27,8.35,13.569452054794521,-4.740614937136423,-0.4788371176580988
2015-02-28,7.75,13.566301369863014,-4.007007631200349,-1.8092937386626655
2015-03-01,6.1,13.566301369863012,-4.472395759054229,-2.993905610808784
2015-03-02,7.75,13.566301369863012,-4.740066991930943,-1.076234377932069
2015-03-03,5.3,13.562465753424656,-4.923856946268843,-3.338608807155814
2015-03-04,6.15,13.55780821917808,-4.9069163069994355,-2.500891912178644
2015-03-05,8.05,13.551643835616437,-3.153856946268843,-2.347786889347593
2015-03-06,9.15,13.542465753424656,-3.8172359417026334,-0.5752298117220223
2015-03-07,10.3,13.525753424657534,-2.3967793206980668,-0.8289741039594665
2015-03-08,10.55,13.49917808219178,-3.689975667730029,0.7407975855382505
2015-03-09,9.4,13.48931506849315,-3.251573841246011,-0.8377412272471387
2015-03-10,9.15,13.491643835616438,-4.717235941702633,0.3755921060861951
2015-03-11,11.65,13.496164383561643,-2.969747357227747,1.123582973666104
2015-03-12,13.6,13.503013698630138,-1.2065966722962411,1.3035829736661029
2015-03-13,12.5,13.509863013698633,-1.9460030649903057,0.9361400512916731
2015-03-14,11.65,13.515205479452057,-1.6000669919309451,-0.26513848752111113
2015-03-15,8.35,13.508493150684933,-2.5972816038030904,-2.5612115468818426
2015-03-16,10.0,13.488767123287673,-4.442761055857885,0.9539939325702127
2015-03-17,8.850000000000001,13.468219178082194,-5.556916306999438,0.9386971289172452
2015-03-18,11.4,13.459863013698632,-4.155181147182088,2.095318133483456
2015-03-19,11.95,13.451506849315068,-3.968012197410397,2.466505348095328
2015-03-20,11.4,13.448493150684932,-4.248012197410397,2.199519046725465
2015-03-21,10.8,13.44232876712329,-4.8979665353099415,2.255637768186653
2015-03-22,8.899999999999999,13.437123287671232,-6.100523612935512,1.5634003252642783
2015-03-23,8.35,13.421780821917809,-5.2666423343967,0.19486151247889083
2015-03-24,9.45,13.40739726027397,-3.8646332019766065,-0.092764058297365
2015-03-25,10.8,13.401369863013699,-2.2144048914743233,-0.3869649715393746
2015-03-26,15.3,13.401369863013699,-1.0820761243510357,2.980706261337338
2015-03-27,13.6,13.390821917808218,-1.664450553574781,1.873628635766563
2015-03-28,12.5,13.383150684931508,-1.3808889097391652,0.4977382248076576
2015-03-29,12.25,13.373150684931508,-1.1773272659035476,0.05417658097203981
2015-03-30,14.2,13.372328767123287,-1.0742679051729527,1.9019391380496649
2015-03-31,9.45,13.376164383561642,-2.0899300056295735,-1.8362343779320693
2015-04-01,9.2,13.371643835616439,-1.9229893663601683,-2.2486544692562713
2015-04-02,9.45,13.373150684931508,-2.472213110652406,-1.4509375742791026
2015-04-03,8.05,13.367945205479453,-2.754541877775694,-2.563403327703758
2015-04-04,8.35,13.367123287671234,-2.7562770375930463,-2.260846250078188
2015-04-05,9.75,13.365616438356165,-2.2755007818852833,-1.3401156564708816
2015-04-06,10.3,13.361643835616439,-2.3931263526615383,-0.6685174829549001
2015-04-07,10.55,13.347123287671234,-1.9415738412460128,-0.8555494464252207
2015-04-08,11.65,13.34328767123288,-1.657464252204918,-0.03582341902796071
2015-04-09,11.65,13.341643835616441,-2.3089711015199854,0.6173272659035445
2015-04-10,10.85,13.346164383561646,-1.5453181334834571,-0.9508462500781896
2015-04-11,8.649999999999999,13.354520547945206,-3.0349984987802605,-1.6695220491649474
2015-04-12,9.45,13.35232876712329,-3.6049984987802612,-0.2973302683430288
2015-04-13,7.8,13.35150684931507,-3.4911172202414487,-2.060389629073622
2015-04-14,7.25,13.344657534246574,-3.2236742978670163,-2.8709832363795575
2015-04-15,8.6,13.34,-3.154222243072497,-1.5857777569275031
2015-04-16,10.85,13.343698630136986,-2.9552268092825424,0.4615281791455561
2015-04-17,12.5,13.339863013698631,-2.3072816038030903,1.4674185901044594
2015-04-18,13.6,13.343561643835617,-1.8454551197848257,2.1018934759492085
2015-04-19,14.7,13.336027397260274,-1.2136286357665607,2.577601238506286
2015-04-20,15.3,13.328356164383562,-0.4492450741227253,2.4208889097391637
2015-04-21,11.95,13.32849315068493,-1.487692562707199,0.10919941202226902
2015-04-22,10.3,13.323835616438355,-2.9748158503784325,-0.04901976605992209
2015-04-23,9.45,13.320684931506849,-3.064496215675237,-0.8061887158316123
2015-04-24,9.15,13.31698630136986,-1.8826697316569714,-2.284316569712889
2015-04-25,9.45,13.317808219178081,-1.5854551197848252,-2.282353099393257
2015-04-26,10.0,13.322328767123286,-1.2233090010633632,-2.0990197660599232
2015-04-27,17.8,13.324520547945205,0.07491017701882766,4.400569275035967
2015-04-28,12.25,13.32671232876712,-1.2418021517482956,0.1650898229811748
2015-04-29,11.65,13.327534246575343,0.2412572089822972,-1.9187914555576402
2015-04-30,12.5,13.325890410958904,0.4238599487083274,-1.249750359667231
2015-05-01,13.6,13.328904109589041,2.0730836930005627,-1.8019878025896046
2015-05-02,13.05,13.337397260273974,0.9061430537311559,-1.1935403140051293
2015-05-03,14.2,13.34123287671233,1.091531181585037,-0.2327640582973669
2015-05-04,12.2,13.338219178082195,1.1615311815850369,-2.2997503596672324
2015-05-05,10.8,13.325342465753426,1.733266341402388,-4.258608807155813
2015-05-06,11.95,13.30931506849315,2.491165884781382,-3.850480953274533
2015-05-07,13.35,13.300958904109592,1.1926727340964505,-1.143631638206043
2015-05-08,16.1,13.296301369863016,1.54066360167636,1.263035028460625
2015-05-09,18.05,13.296301369863016,2.1048188528179117,2.6488797773190726
2015-05-10,15.25,13.299315068493154,2.0012572089822958,-0.05057227747545001
2015-05-11,11.95,13.29095890410959,2.282307437292798,-3.623266341402389
2015-05-12,13.1,13.288630136986301,3.1287457934571816,-3.317375930443483
2015-05-13,11.1,13.299999999999999,2.1921247888909727,-4.392124788890972
2015-05-14,13.6,13.312876712328766,2.9267366610370926,-2.639613373365859
2015-05-15,14.7,13.333287671232878,3.02500150121974,-1.6582891724526183
2015-05-16,13.35,13.347534246575343,2.575275473822478,-2.5728097203978213
2015-05-17,15.0,13.353561643835615,2.292444423594169,-0.6460060674297838
2015-05-18,18.9,13.358082191780822,3.226234377932069,2.3156834302871077
2015-05-19,16.7,13.373835616438356,2.7587914555576396,0.5673729280040036
2015-05-20,16.95,13.381369863013699,3.010572277475448,0.5580578595108521
2015-05-21,18.65,13.37917808219178,2.4984261587539875,2.772395759054231
2015-05-22,14.2,13.36849315068493,1.0027183961969115,-0.17121154688184248
2015-05-23,13.9,13.354931506849313,0.4539512729092399,0.09111722024144714
2015-05-24,14.45,13.34890410958904,1.1872846062425737,-0.0861887158316137
2015-05-25,13.35,13.332876712328767,0.5579695377494229,-0.5408462500781905
2015-05-26,16.7,13.323835616438355,2.492809720397823,0.8833546631638209
2015-05-27,18.05,13.30178082191781,2.860480953274536,1.8877382248076553
2015-05-28,20.0,13.276027397260274,3.5117138299868644,3.212258772752862
2015-05-29,19.450000000000003,13.25095890410959,2.9468279852380084,3.252213110652405
2015-05-30,16.4,13.235068493150685,1.9500699943704276,1.2148615124788862
2015-05-31,18.35,13.234383561643835,3.9763257021329848,1.1392907362231819
2015-06-01,13.9,13.23972602739726,3.1692480765622077,-2.508974103959468
2015-06-02,15.3,13.257123287671234,3.539430724964034,-1.4965540126352677
2015-06-03,15.85,13.274383561643836,2.972992368799649,-0.3973759304434852
2015-06-04,17.25,13.2927397260274,4.269887345968598,-0.3126270719959976
2015-06-05,19.75,13.29890410958904,6.037558578845313,0.4135373115656469
2015-06-06,21.35,13.294246575342466,6.7696133733658606,1.2861400512916745
2015-06-07,23.35,13.294931506849313,7.133220679301934,2.9218478138487542
2015-06-08,22.5,13.293424657534246,6.212764058297369,2.9938112841683857
2015-06-09,21.65,13.29657534246575,5.455640770626135,2.8977838869081127
2015-06-10,18.35,13.28739726027397,4.267512916744857,0.7950898229811747
2015-06-11,17.75,13.272191780821913,3.9652298117220255,0.5125784074560613
2015-06-12,15.85,13.259999999999996,3.531713829986864,-0.9417138299868606
2015-06-13,16.65,13.254794520547943,2.6801613185713378,0.7150441608807179
2015-06-14,19.75,13.254794520547945,4.078608807155813,2.416596672296242
2015-06-15,23.05,13.247945205479452,5.544225245511978,4.257829549008571
2015-06-16,16.95,13.232739726027397,3.426280040032526,0.29098023394007644
2015-06-17,18.05,13.21986301369863,4.4434489898042155,0.38668799649715524
2015-06-18,19.15,13.213835616438356,4.693175017201476,1.2429893663601668
2015-06-19,18.6,13.209999999999999,5.089156752361292,0.30084324763870995
2015-06-20,18.9,13.20013698630137,3.505321135922937,2.1945418777756918
2015-06-21,19.75,13.19013698630137,4.71997867016951,1.8398843435291194
2015-06-22,18.9,13.170410958904109,5.735823419027958,-0.006234377932067936
2015-06-23,18.9,13.162054794520548,6.086554012635264,-0.34860880715581377
2015-06-24,20.85,13.149178082191781,6.4544535560142595,1.2463683617939605
2015-06-25,23.1,13.144657534246576,7.854727528617001,2.1006149371364238
2015-06-26,24.75,13.14,7.571942140489147,4.038057859510852
2015-06-27,25.25,13.136027397260273,7.75783255144805,4.356140051291677
2015-06-28,23.3,13.125479452054794,8.310115656470884,1.8644048914743223
2015-06-29,23.05,13.121643835616437,8.512627071995999,1.415729092387565
2015-06-30,22.8,13.123150684931506,9.729522049164949,-0.05267273409645412
2015-07-01,24.700000000000003,13.127808219178084,12.112764058297367,-0.540572277475448
2015-07-02,25.85,13.131780821917811,10.078837117658098,2.639382060424092
2015-07-03,25.55,,7.033357665603304,
2015-07-04,24.15,,5.782946706699194,
2015-07-05,24.75,,6.156782323137552,
2015-07-06,22.5,,8.25561793957591,
2015-07-07,20.55,,8.123426158753988,
2015-07-08,22.2,,8.81774122724714,
2015-07-09,21.65,,8.81842615875399,
2015-07-10,18.9,,6.873768624507414,
2015-07-11,19.45,,7.697672734096454,
2015-07-12,21.4,,7.815001501219744,
2015-07-13,20.85,,7.803631638206042,
2015-07-14,21.950000000000003,,8.242261775192343,
2015-07-15,20.25,,7.710663601676362,
2015-07-16,20.55,,10.189933008069056,
2015-07-17,20.85,,6.885366798023394,
2015-07-18,25.55,,6.312307437292798,
2015-07-19,26.1,,7.970115656470884,
2015-07-20,21.7,,5.3420334646900605,
2015-07-21,19.45,,6.387467254644398,
2015-07-22,18.9,,5.536690998936637,
2015-07-23,20.25,,5.637695565146681,
2015-07-24,18.05,,6.834910177018829,
2015-07-25,17.75,,7.497786889347596,
2015-07-26,18.05,,8.308882779758557,
2015-07-27,17.75,,6.835640770626134,
2015-07-28,20.85,,6.810891912178646,
2015-07-29,23.3,,8.022033464690063,
2015-07-30,25.8,,6.870252642772252,
2015-07-31,26.1,,7.753083693000565,
2015-08-01,24.45,,6.905869081128419,
2015-08-02,23.35,,6.523312003502847,
2015-08-03,22.75,,8.85491017701883,
2015-08-04,20.25,,11.638471820854447,
2015-08-05,17.75,,10.34075492587728,
2015-08-06,20.0,,9.324362231813351,
2015-08-07,21.95,,7.739293738662666,
2015-08-08,20.3,,7.538837117658101,
2015-08-09,21.65,,8.45249008569463,
2015-08-10,22.5,,8.217147619941203,
2015-08-11,23.35,,10.132855382498285,
2015-08-12,22.5,,9.679841683868146,
2015-08-13,21.95,,8.844179583411524,
2015-08-14,16.65,,8.270891912178646,
2015-08-15,17.8,,8.914270907612439,
2015-08-16,19.7,,10.858197848251708,
2015-08-17,20.55,,10.122307437292802,
2015-08-18,22.5,,8.169476387064492,
2015-08-19,23.9,,8.264955839119283,
2015-08-20,18.6,,7.3447731907174605,
2015-08-21,18.3,,6.290480953274535,
2015-08-22,19.45,,7.123585976105584,
2015-08-23,20.85,,7.321302871082756,
2015-08-24,18.05,,6.386188715831615,
2015-08-25,18.9,,7.58513848752111,
2015-08-26,21.1,,7.766964971539377,
2015-08-27,21.9,,8.694453556014263,
2015-08-28,19.45,,6.837604240945769,
2015-08-29,17.75,,7.016097391630701,
2015-08-30,16.4,,6.095138487521111,
2015-08-31,17.5,,5.909522049164948,
2015-09-01,16.65,,6.290617939575904,
2015-09-02,15.25,,5.994407893913804,
2015-09-03,14.45,,6.113357665603305,
2015-09-04,14.15,,5.89340332770376,
2015-09-05,14.75,,6.83810652405079,
2015-09-06,13.9,,8.931987802589603,
2015-09-07,17.200000000000003,,8.913083693000564,
2015-09-08,18.05,,6.611074560580472,
2015-09-09,19.15,,5.608791455557638,
2015-09-10,19.7,,5.602490085694625,
2015-09-11,21.1,,6.977467254644397,
2015-09-12,20.55,,5.952216113091885,
2015-09-13,16.700000000000003,,6.328974103959464,
2015-09-14,13.65,,6.978974103959465,
2015-09-15,13.9,,5.842353099393254,
2015-09-16,15.0,,5.372444423594169,
2015-09-17,15.55,,5.664042597110153,
2015-09-18,16.1,,5.639248076562207,
2015-09-19,17.75,,6.116736661037091,
2015-09-20,17.5,,5.044773190717457,
2015-09-21,13.85,,4.608654469256272,
2015-09-22,13.35,,4.040206980671797,
2015-09-23,14.45,,2.5565996747357222,
2015-09-24,16.65,,2.9371476199412014,
2015-09-25,14.2,,2.91513848752111,
2015-09-26,14.15,,2.079019766059923,
2015-09-27,12.5,,2.492398761493713,
2015-09-28,15.25,,3.6718964783886903,
2015-09-29,15.3,,1.8988371176580956,
2015-09-30,14.15,,1.6127183961969085,
2015-10-01,15.25,,1.6937229624069556,
2015-10-02,12.8,,0.7780608619503337,
2015-10-03,15.25,,1.060891912178644,
2015-10-04,16.4,,1.6260517295302421,
2015-10-05,16.35,,3.2893850628635755,
2015-10-06,14.15,,4.403220679301932,
2015-10-07,15.0,,2.9183804966535307,
2015-10-08,16.1,,1.5373302683430297,
2015-10-09,15.8,,-0.14472452617751894,
2015-10-10,17.200000000000003,,-0.5424414211546877,
2015-10-11,14.2,,0.14134853318321133,
2015-10-12,14.45,,0.14162250578595098,
2015-10-13,13.05,,0.9764626884343528,
2015-10-14,12.5,,0.711805154187777,
2015-10-15,15.25,,0.33125720898229705,
2015-10-16,14.45,,0.5138142866078668,
2015-10-17,15.55,,-0.424359229373869,
2015-10-18,13.9,,0.5059147432288715,
2015-10-19,14.7,,0.5011202226809262,
2015-10-20,14.2,,-1.8203866266341429,
2015-10-21,12.2,,-1.8201583161318602,
2015-10-22,12.5,,-2.465135485081632,
2015-10-23,10.0,,-2.7431263526615415,
2015-10-24,11.95,,-2.9239026083693025,
2015-10-25,14.15,,-1.8875099143053748,
2015-10-26,11.1,,-2.6372359417026354,
2015-10-27,11.95,,-1.077966535309941,
2015-10-28,12.5,,-0.7280121974103984,
2015-10-29,13.6,,-0.6941309188715858,
2015-10-30,14.45,,-0.046414023894416456,
2015-10-31,13.65,,-0.334039594670672,
2015-11-01,10.55,,-0.2373272659035481,
2015-11-02,9.15,,-1.0086058047163327,
2015-11-03,7.8,,-1.0947245261775207,
2015-11-04,6.65,,-0.7962313754925883,
2015-11-05,9.75,,-0.9967336585976112,
2015-11-06,11.95,,-1.245226809282542,
2015-11-07,10.8,,-2.6806149371364243,
2015-11-08,9.45,,-4.43796653530994,
2015-11-09,7.5,,-4.626870644898981,
2015-11-10,7.5,,-5.277418590104461,
2015-11-11,8.6,,-5.641847813848752,
2015-11-12,8.05,,-4.136003064990305,
2015-11-13,11.35,,-3.947053293300807,
2015-11-14,7.75,,-6.078377494214049,
2015-11-15,5.550000000000001,,-6.360751923437794,
2015-11-16,5.3,,-6.829930005629574,
2015-11-17,10.0,,-4.869838681428661,
2015-11-18,6.1,,-4.989610370926377,
2015-11-19,5.85,,-3.7265053480953254,
2015-11-20,4.45,,-5.081345530743729,
2015-11-21,4.75,,-6.017738224807655,
2015-11-22,5.85,,-6.303126352661537,
2015-11-23,3.35,,-4.821071558140989,
2015-11-24,4.75,,-5.635729092387565,
2015-11-25,3.6,,-4.653445987364734,
2015-11-26,4.2,,-3.6234003252642775,
2015-11-27,3.9,,-2.8794733846250087,
2015-11-28,2.25,,-5.402989366360169,
2015-11-29,-0.2,,-6.670934571839618,
2015-11-30,0.8999999999999999,,-6.023993932570214,
2015-12-01,6.95,,-5.205044160880717,
2015-12-02,7.5,,-7.95554644398574,
2015-12-03,11.7,,-7.3412085444423605,
2015-12-04,8.35,,-6.963719959967475,
2015-12-05,8.05,,-7.705226809282544,
2015-12-06,10.0,,-7.614587539876151,
2015-12-07,9.7,,-8.474496215675236,
2015-12-08,12.8,,-7.75107155814099,
2015-12-09,10.0,,-7.175866078688935,
2015-12-10,8.899999999999999,,-4.596094389191219,
2015-12-11,6.9,,-5.997098955401264,
2015-12-12,7.25,,-6.830706261337339,
2015-12-13,6.949999999999999,,-6.016824982798525,
2015-12-14,4.75,,-6.389108087821357,
2015-12-15,3.9,,-5.2790624257209,
2015-12-16,4.449999999999999,,-5.478057859510853,
2015-12-17,5.3,,-6.313902608369301,
2015-12-18,6.65,,-7.502304434853319,
2015-12-19,5.550000000000001,,-7.0558660786889345,
2015-12-20,6.1,,-6.574085256771125,
2015-12-21,4.199999999999999,,-5.292532745355602,
2015-12-22,5.3,,-4.6481035216113105,
2015-12-23,3.9,,-5.037281603803091,
2015-12-24,3.9,,-7.526505348095328,
2015-12-25,3.6,,-8.067007631200351,
2015-12-26,2.2,,-8.543080690561078,
2015-12-27,3.0500000000000003,,-7.018331832113592,
2015-12-28,3.35,,-6.924130918871584,
2015-12-29,3.9,,-8.678423156314503,
2015-12-30,2.3,,-9.517372928004002,
2015-12-31,1.7499999999999998,,-9.991893475949208,
